video,time_start,time_end,label
20160801_no9_1,00:00:00,00:06:03,search
20160801_no9_1,00:06:03,00:07:00,descent
20160801_no9_1,00:07:00,00:07:06,bottom
20160801_no9_1,00:07:06,00:07:14,ascent
20160801_no9_1,00:07:14,00:07:14,breath
20160801_no9_1,00:07:14,00:07:24,shallow
20160801_no9_1,00:07:24,00:07:26,breath
20160801_no9_1,00:07:26,00:07:29,subsurface
20160801_no9_1,00:07:29,00:07:32,search
20160801_no9_1,00:07:32,00:07:35,subsurface
20160801_no9_1,00:07:35,00:08:20,search
20160801_no9_1,00:08:20,00:09:04,descent
20160801_no9_1,00:09:04,00:09:29,ascent
20160801_no9_1,00:09:29,00:09:51,shallow
20160801_no9_1,00:09:51,00:10:07,search
20160801_no9_1,00:10:07,00:10:13,subsurface
20160801_no9_1,00:10:13,00:10:22,search
20160801_no9_1,00:10:22,00:10:29,subsurface
20160801_no9_1,00:10:29,00:10:48,search
20160801_no9_1,00:10:48,00:11:24,descent
20160801_no9_1,00:11:24,00:12:04,bottom
20160801_no9_1,00:12:04,00:12:29,ascent
20160801_no9_1,00:12:29,00:12:35,search
20160801_no9_1,00:12:35,00:12:36,subsurface
20160801_no9_1,00:12:36,00:12:42,search
20160801_no9_1,00:12:42,00:12:50,subsurface
20160801_no9_1,00:12:50,00:12:51,breath
20160801_no9_1,00:12:51,00:12:54,subsurface
20160801_no9_1,00:12:54,00:12:56,breath
20160801_no9_1,00:12:56,00:13:02,subsurface
20160801_no9_1,00:13:02,00:13:03,breath
20160801_no9_1,00:13:03,00:13:10,subsurface
20160801_no9_1,00:13:10,00:13:12,search
20160801_no9_1,00:13:12,00:13:18,subsurface
20160801_no9_1,00:13:18,00:13:23,search
20160801_no9_1,00:13:23,00:13:34,subsurface
20160801_no9_1,00:13:34,00:13:47,search
20160801_no9_1,00:13:47,00:14:02,subsurface
20160801_no9_1,00:14:02,00:14:08,search
20160801_no9_1,00:14:08,00:14:25,subsurface
20160801_no9_1,00:14:25,00:14:32,search
20160801_no9_1,00:14:32,00:14:50,subsurface
20160801_no9_1,00:14:50,00:14:56,search
20160801_no9_1,00:14:56,00:15:14,subsurface
20160801_no9_1,00:15:14,00:16:46,search
20160801_no9_1,00:16:46,00:18:05,descent
20160801_no9_1,00:18:05,00:18:35,ascent
20160801_no9_1,00:18:35,00:19:43,search
20160801_no9_1,00:19:43,00:20:45,descent
20160801_no9_1,00:20:45,00:20:56,bottom
20160801_no9_1,00:20:56,00:21:25,ascent
20160801_no9_1,00:21:25,00:22:17,search
20160801_no9_1,00:22:17,00:22:31,subsurface
20160801_no9_1,00:22:31,00:22:36,search
20160801_no9_1,00:22:36,00:22:50,subsurface
20160801_no9_1,00:22:50,00:23:16,search
20160801_no9_1,00:23:16,00:24:04,descent
20160801_no9_1,00:24:04,00:24:19,bottom
20160801_no9_1,00:24:19,00:24:58,ascent
20160801_no9_1,00:24:58,00:26:47,search
20160801_no9_1,00:26:47,00:27:29,descent
20160801_no9_1,00:27:29,00:28:20,ascent
20160801_no9_1,00:28:20,00:30:00,search
20160801_no9_2,00:00:00,00:00:23,search
20160801_no9_2,00:00:23,00:00:53,subsurface
20160801_no9_2,00:00:53,00:02:32,search
20160801_no9_2,00:02:32,00:03:35,descent
20160801_no9_2,00:03:35,00:04:24,ascent
20160801_no9_2,00:04:24,00:06:12,search
20160801_no9_2,00:06:12,00:06:22,descent
20160801_no9_2,00:06:22,00:06:34,ascent
20160801_no9_2,00:06:34,00:06:35,breath
20160801_no9_2,00:06:35,00:07:03,descent
20160801_no9_2,00:07:03,00:07:42,ascent
20160801_no9_2,00:07:42,00:07:56,search
20160801_no9_2,00:07:56,00:08:08,subsurface
20160801_no9_2,00:08:08,00:08:21,search
20160801_no9_2,00:08:21,00:08:38,subsurface
20160801_no9_2,00:08:38,00:08:54,search
20160801_no9_2,00:08:54,00:09:15,subsurface
20160801_no9_2,00:09:15,00:12:17,search
20160801_no9_2,00:12:17,00:12:36,subsurface
20160801_no9_2,00:12:36,00:13:19,search
20160801_no9_2,00:13:19,00:14:00,descent
20160801_no9_2,00:14:00,00:14:02,bottom
20160801_no9_2,00:14:02,00:14:45,ascent
20160801_no9_2,00:14:45,00:15:01,search
20160801_no9_2,00:15:01,00:15:10,subsurface
20160801_no9_2,00:15:10,00:15:16,search
20160801_no9_2,00:15:16,00:15:34,descent
20160801_no9_2,00:15:34,00:15:45,bottom
20160801_no9_2,00:15:45,00:16:20,ascent
20160801_no9_2,00:16:20,00:16:42,search
20160801_no9_2,00:16:42,00:16:57,subsurface
20160801_no9_2,00:16:57,00:17:00,search
20160801_no9_2,00:17:00,00:17:16,subsurface
20160801_no9_2,00:17:16,00:17:17,breath
20160801_no9_2,00:17:17,00:17:20,subsurface
20160801_no9_2,00:17:20,00:18:58,search
20160801_no9_2,00:18:58,00:19:09,subsurface
20160801_no9_2,00:19:09,00:21:51,search
20160801_no9_2,00:21:51,00:22:23,descent
20160801_no9_2,00:22:23,00:22:55,bottom
20160801_no9_2,00:22:55,00:23:37,ascent
20160801_no9_2,00:23:37,00:23:53,search
20160801_no9_2,00:23:53,00:24:04,subsurface
20160801_no9_2,00:24:04,00:24:05,breath
20160801_no9_2,00:24:05,00:24:10,subsurface
20160801_no9_2,00:24:10,00:24:16,search
20160801_no9_2,00:24:16,00:24:23,subsurface
20160801_no9_2,00:24:23,00:24:26,search
20160801_no9_2,00:24:26,00:24:28,subsurface
20160801_no9_2,00:24:28,00:24:33,search
20160801_no9_2,00:24:33,00:24:39,subsurface
20160801_no9_2,00:24:39,00:25:15,search
20160801_no9_2,00:25:15,00:25:33,descent
20160801_no9_2,00:25:33,00:25:38,ascent
20160801_no9_2,00:25:38,00:26:26,bottom
20160801_no9_2,00:26:26,00:27:03,ascent
20160801_no9_2,00:27:03,00:27:07,search
20160801_no9_2,00:27:07,00:27:17,subsurface
20160801_no9_2,00:27:17,00:27:21,search
20160801_no9_2,00:27:21,00:27:27,subsurface
20160801_no9_2,00:27:27,00:27:55,search
20160801_no9_2,00:27:55,00:28:21,subsurface
20160801_no9_2,00:28:21,00:29:18,search
20160801_no9_2,00:29:18,00:29:44,descent
20160801_no9_2,00:29:44,00:30:00,bottom
20160802_no8_1,00:00:00,00:01:37,subsurface
20160802_no8_1,00:01:37,00:13:52,search
20160802_no8_1,00:13:52,00:14:07,search
20160802_no8_1,00:14:07,00:14:15,subsurface
20160802_no8_1,00:14:15,00:16:44,search
20160802_no8_1,00:16:44,00:30:00,subsurface
20160802_no8_3,00:00:00,00:03:00,rest
20160802_no8_3,00:03:00,00:03:06,subsurface
20160802_no8_3,00:03:06,00:17:55,rest
20160802_no8_3,00:17:55,00:18:01,subsurface
20160802_no8_3,00:18:01,00:18:19,search
20160802_no8_3,00:18:19,00:18:22,subsurface
20160802_no8_3,00:18:22,00:18:48,search
20160802_no8_3,00:18:48,00:18:51,subsurface
20160802_no8_3,00:18:51,00:19:09,search
20160802_no8_3,00:19:09,00:19:14,subsurface
20160802_no8_3,00:19:14,00:19:15,breath
20160802_no8_3,00:19:15,00:19:50,shallow
20160802_no8_3,00:19:50,00:19:51,breath
20160802_no8_3,00:19:51,00:19:53,subsurface
20160802_no8_3,00:19:53,00:19:55,search
20160802_no8_3,00:19:55,00:19:56,subsurface
20160802_no8_3,00:19:56,00:19:58,search
20160802_no8_3,00:19:58,00:19:59,subsurface
20160802_no8_3,00:19:59,00:20:20,search
20160802_no8_3,00:20:20,00:20:24,subsurface
20160802_no8_3,00:20:24,00:20:28,search
20160802_no8_3,00:20:28,00:21:25,shallow
20160802_no8_3,00:21:25,00:21:26,breath
20160802_no8_3,00:21:26,00:21:29,subsurface
20160802_no8_3,00:21:29,00:21:55,search
20160802_no8_3,00:21:55,00:21:58,subsurface
20160802_no8_3,00:21:58,00:22:06,search
20160802_no8_3,00:22:06,00:22:10,subsurface
20160802_no8_3,00:22:10,00:22:12,search
20160802_no8_3,00:22:12,00:22:31,shallow
20160812_no9_1,00:00:00,00:00:01,breath
20160812_no9_1,00:00:01,00:00:22,subsurface
20160812_no9_1,00:00:22,00:00:24,breath
20160812_no9_1,00:00:24,00:00:44,subsurface
20160812_no9_1,00:00:44,00:00:48,search
20160812_no9_1,00:00:48,00:01:08,subsurface
20160812_no9_1,00:01:08,00:01:09,breath
20160812_no9_1,00:01:09,00:01:23,subsurface
20160812_no9_1,00:01:23,00:01:26,search
20160812_no9_1,00:01:26,00:01:45,subsurface
20160812_no9_1,00:01:45,00:01:55,search
20160812_no9_1,00:01:55,00:02:26,subsurface
20160812_no9_1,00:02:26,00:02:28,search
20160812_no9_1,00:02:28,00:02:49,subsurface
20160812_no9_1,00:02:49,00:02:57,search
20160812_no9_1,00:02:57,00:03:22,subsurface
20160812_no9_1,00:03:22,00:03:22,breath
20160812_no9_1,00:03:22,00:03:34,subsurface
20160812_no9_1,00:03:34,00:03:42,search
20160812_no9_1,00:03:42,00:03:52,subsurface
20160812_no9_1,00:03:52,00:13:17,search
20160812_no9_1,00:13:17,00:13:31,subsurface
20160812_no9_1,00:13:31,00:13:33,search
20160812_no9_1,00:13:33,00:13:51,subsurface
20160812_no9_1,00:13:51,00:13:52,breath
20160812_no9_1,00:13:52,00:14:09,subsurface
20160812_no9_1,00:14:09,00:14:10,breath
20160812_no9_1,00:14:10,00:14:21,subsurface
20160812_no9_1,00:14:21,00:14:31,shallow
20160812_no9_1,00:14:31,00:14:34,search
20160812_no9_1,00:14:34,00:14:55,subsurface
20160812_no9_1,00:14:55,00:14:56,breath
20160812_no9_1,00:14:56,00:15:12,subsurface
20160812_no9_1,00:15:12,00:15:13,breath
20160812_no9_1,00:15:13,00:15:31,subsurface
20160812_no9_1,00:15:31,00:15:32,breath
20160812_no9_1,00:15:32,00:15:43,subsurface
20160812_no9_1,00:15:43,00:15:44,breath
20160812_no9_1,00:15:44,00:15:59,subsurface
20160812_no9_1,00:15:59,00:16:00,breath
20160812_no9_1,00:16:00,00:16:15,subsurface
20160812_no9_1,00:16:15,00:16:16,breath
20160812_no9_1,00:16:16,00:16:35,subsurface
20160812_no9_1,00:16:35,00:16:37,search
20160812_no9_1,00:16:37,00:16:58,subsurface
20160812_no9_1,00:16:58,00:16:59,breath
20160812_no9_1,00:16:59,00:17:12,subsurface
20160812_no9_1,00:17:12,00:17:14,search
20160812_no9_1,00:17:14,00:17:33,subsurface
20160812_no9_1,00:17:33,00:17:34,breath
20160812_no9_1,00:17:34,00:17:50,subsurface
20160812_no9_1,00:17:50,00:17:51,breath
20160812_no9_1,00:17:51,00:18:09,shallow
20160812_no9_1,00:18:09,00:18:18,search
20160812_no9_1,00:18:18,00:18:47,subsurface
20160812_no9_1,00:18:47,00:18:50,search
20160812_no9_1,00:18:50,00:19:12,subsurface
20160812_no9_1,00:19:12,00:19:13,breath
20160812_no9_1,00:19:13,00:19:45,subsurface
20160812_no9_1,00:19:45,00:19:46,breath
20160812_no9_1,00:19:46,00:20:04,subsurface
20160812_no9_1,00:20:04,00:20:05,breath
20160812_no9_1,00:20:05,00:20:23,subsurface
20160812_no9_1,00:20:23,00:20:23,breath
20160812_no9_1,00:20:23,00:20:33,subsurface
20160812_no9_1,00:20:33,00:20:34,breath
20160812_no9_1,00:20:34,00:20:47,subsurface
20160812_no9_1,00:20:47,00:20:49,breath
20160812_no9_1,00:20:49,00:21:17,subsurface
20160812_no9_1,00:21:17,00:21:21,search
20160812_no9_1,00:21:21,00:21:49,subsurface
20160812_no9_1,00:21:49,00:21:52,breath
20160812_no9_1,00:21:52,00:22:13,subsurface
20160812_no9_1,00:22:13,00:22:26,shallow
20160812_no9_1,00:22:26,00:22:38,search
20160812_no9_1,00:22:38,00:23:04,descent
20160812_no9_1,00:23:04,00:23:15,bottom
20160812_no9_1,00:23:15,00:23:32,ascent
20160812_no9_1,00:23:32,00:23:50,search
20160812_no9_1,00:23:50,00:24:25,descent
20160812_no9_1,00:24:25,00:24:29,descent
20160812_no9_1,00:24:29,00:24:43,descent
20160812_no9_1,00:24:43,00:25:03,bottom
20160812_no9_1,00:25:03,00:25:36,ascent
20160812_no9_1,00:25:36,00:25:42,search
20160812_no9_1,00:25:42,00:25:46,subsurface
20160812_no9_1,00:25:46,00:25:48,breath
20160812_no9_1,00:25:48,00:25:50,subsurface
20160812_no9_1,00:25:50,00:26:17,search
20160812_no9_1,00:26:17,00:26:48,descent
20160812_no9_1,00:26:48,00:27:23,bottom
20160812_no9_1,00:27:23,00:28:07,ascent
20160812_no9_1,00:28:07,00:28:30,search
20160812_no9_1,00:28:30,00:28:46,subsurface
20160812_no9_1,00:28:46,00:29:14,search
20160812_no9_1,00:29:14,00:29:45,descent
20160812_no9_1,00:29:45,00:30:00,bottom
20160812_no9_2,00:00:00,00:00:07,bottom
20160812_no9_2,00:00:07,00:00:16,bottom
20160812_no9_2,00:00:16,00:00:44,ascent
20160812_no9_2,00:00:44,00:00:54,search
20160812_no9_2,00:00:54,00:01:02,shallow
20160812_no9_2,00:01:02,00:01:27,descent
20160812_no9_2,00:01:27,00:01:52,ascent
20160812_no9_2,00:01:52,00:02:10,search
20160812_no9_2,00:02:10,00:02:14,subsurface
20160812_no9_2,00:02:14,00:02:33,search
20160812_no9_2,00:02:33,00:02:46,subsurface
20160812_no9_2,00:02:46,00:03:04,search
20160812_no9_2,00:03:04,00:03:24,subsurface
20160812_no9_2,00:03:24,00:03:28,search
20160812_no9_2,00:03:28,00:03:50,subsurface
20160812_no9_2,00:03:50,00:03:52,search
20160812_no9_2,00:03:52,00:04:14,shallow
20160812_no9_2,00:04:14,00:04:20,search
20160812_no9_2,00:04:20,00:04:41,shallow
20160812_no9_3,00:00:00,00:00:45,ascent
20160812_no9_3,00:00:45,00:00:54,search
20160812_no9_3,00:00:54,00:01:18,subsurface
20160812_no9_3,00:01:18,00:01:21,search
20160812_no9_3,00:01:21,00:01:47,subsurface
20160812_no9_3,00:01:47,00:01:50,search
20160812_no9_3,00:01:50,00:02:09,subsurface
20160812_no9_3,00:02:09,00:02:11,search
20160812_no9_3,00:02:11,00:02:27,subsurface
20160812_no9_3,00:02:27,00:02:29,search
20160812_no9_3,00:02:29,00:02:51,subsurface
20160812_no9_3,00:02:51,00:02:53,search
20160812_no9_3,00:02:53,00:03:16,shallow
20160812_no9_3,00:03:16,00:03:21,search
20160812_no9_3,00:03:21,00:03:49,shallow
20160812_no9_3,00:03:49,00:03:54,search
20160812_no9_3,00:03:54,00:04:12,shallow
20160812_no9_3,00:04:12,00:04:17,search
20160812_no9_3,00:04:17,00:04:49,shallow
20160812_no9_3,00:04:49,00:04:51,search
20160812_no9_3,00:04:51,00:05:15,shallow
20160812_no9_3,00:05:15,00:05:21,search
20160812_no9_3,00:05:21,00:05:58,shallow
20160812_no9_3,00:05:58,00:06:03,search
20160812_no9_3,00:06:03,00:06:30,shallow
20160812_no9_3,00:06:30,00:06:31,breath
20160812_no9_3,00:06:31,00:06:46,shallow
20160812_no9_3,00:06:46,00:06:47,breath
20160812_no9_3,00:06:47,00:07:02,shallow
20160812_no9_3,00:07:02,00:07:05,search
20160812_no9_3,00:07:05,00:07:27,shallow
20160812_no9_3,00:07:27,00:07:31,search
20160812_no9_3,00:07:31,00:07:59,shallow
20160812_no9_3,00:07:59,00:08:02,search
20160812_no9_3,00:08:02,00:08:26,shallow
20160812_no9_3,00:08:26,00:08:29,search
20160812_no9_3,00:08:29,00:08:51,shallow
20160812_no9_3,00:08:51,00:08:59,search
20160812_no9_3,00:08:59,00:09:37,shallow
20160812_no9_3,00:09:37,00:09:42,search
20160812_no9_3,00:09:42,00:10:10,shallow
20160812_no9_3,00:10:10,00:10:16,search
20160812_no9_3,00:10:16,00:10:51,shallow
20160812_no9_3,00:10:51,00:11:16,search
20160812_no9_3,00:11:16,00:11:56,shallow
20160812_no9_3,00:11:56,00:12:13,shallow
20160812_no9_3,00:12:13,00:12:16,search
20160812_no9_3,00:12:16,00:12:32,shallow
20160812_no9_3,00:12:32,00:12:33,breath
20160812_no9_3,00:12:33,00:12:52,shallow
20160812_no9_3,00:12:52,00:12:57,search
20160812_no9_3,00:12:57,00:13:36,shallow
20160812_no9_3,00:13:36,00:13:46,search
20160812_no9_3,00:13:46,00:14:36,shallow
20160812_no9_3,00:14:36,00:14:46,search
20160812_no9_3,00:14:46,00:15:35,shallow
20160812_no9_3,00:15:35,00:16:01,search
20160812_no9_3,00:16:01,00:16:50,descent
20160812_no9_3,00:16:50,00:16:58,bottom
20160812_no9_3,00:16:58,00:17:32,ascent
20160812_no9_3,00:17:32,00:17:44,search
20160812_no9_3,00:17:44,00:17:57,shallow
20160812_no9_3,00:17:57,00:18:01,search
20160812_no9_3,00:18:01,00:18:18,shallow
20160812_no9_3,00:18:18,00:18:19,breath
20160812_no9_3,00:18:19,00:18:33,shallow
20160812_no9_3,00:18:33,00:18:34,breath
20160812_no9_3,00:18:34,00:18:50,shallow
20160812_no9_3,00:18:50,00:18:51,breath
20160812_no9_3,00:18:51,00:19:04,shallow
20160812_no9_3,00:19:04,00:19:05,breath
20160812_no9_3,00:19:05,00:19:23,shallow
20160812_no9_3,00:19:23,00:19:25,search
20160812_no9_3,00:19:25,00:19:51,shallow
20160812_no9_3,00:19:51,00:19:55,search
20160812_no9_3,00:19:55,00:20:22,shallow
20160812_no9_3,00:20:22,00:20:35,search
20160812_no9_3,00:20:35,00:21:34,shallow
20160812_no9_3,00:21:34,00:22:07,search
20160812_no9_3,00:22:07,00:22:49,descent
20160812_no9_3,00:22:49,00:22:56,bottom
20160812_no9_3,00:22:56,00:23:07,bottom
20160812_no9_3,00:23:07,00:23:50,ascent
20160812_no9_3,00:23:50,00:24:03,search
20160812_no9_3,00:24:03,00:24:22,shallow
20160812_no9_3,00:24:22,00:24:23,breath
20160812_no9_3,00:24:23,00:24:33,shallow
20160812_no9_3,00:24:33,00:24:34,breath
20160812_no9_3,00:24:34,00:24:53,shallow
20160812_no9_3,00:24:53,00:24:54,breath
20160812_no9_3,00:24:54,00:25:07,shallow
20160812_no9_3,00:25:07,00:25:08,breath
20160812_no9_3,00:25:08,00:25:33,shallow
20160812_no9_3,00:25:33,00:25:35,search
20160812_no9_3,00:25:35,00:25:45,shallow
20160812_no9_3,00:25:45,00:25:46,search
20160812_no9_3,00:25:46,00:26:08,shallow
20160812_no9_3,00:26:08,00:26:09,breath
20160812_no9_3,00:26:09,00:26:23,shallow
20160812_no9_3,00:26:23,00:26:24,breath
20160812_no9_3,00:26:24,00:26:46,shallow
20160812_no9_3,00:26:46,00:26:50,search
20160812_no9_3,00:26:50,00:27:10,shallow
20160812_no9_3,00:27:10,00:27:24,search
20160812_no9_3,00:27:24,00:28:17,shallow
20160812_no9_3,00:28:17,00:28:32,search
20160812_no9_3,00:28:32,00:29:12,shallow
20160812_no9_3,00:29:12,00:29:15,search
20160812_no9_3,00:29:15,00:29:32,shallow
20160812_no9_3,00:29:32,00:29:34,search
20160812_no9_3,00:29:34,00:30:00,shallow
20160819_no9_1,00:00:00,00:00:21,shallow
20160819_no9_1,00:00:21,00:00:22,breath
20160819_no9_1,00:00:22,00:00:38,subsurface
20160819_no9_1,00:00:38,00:00:39,breath
20160819_no9_1,00:00:39,00:00:56,subsurface
20160819_no9_1,00:00:56,00:00:57,breath
20160819_no9_1,00:00:57,00:01:07,subsurface
20160819_no9_1,00:01:07,00:01:09,breath
20160819_no9_1,00:01:09,00:01:23,subsurface
20160819_no9_1,00:01:23,00:01:24,breath
20160819_no9_1,00:01:24,00:01:41,subsurface
20160819_no9_1,00:01:41,00:01:43,breath
20160819_no9_1,00:01:43,00:01:56,subsurface
20160819_no9_1,00:01:56,00:01:58,breath
20160819_no9_1,00:01:58,00:02:11,subsurface
20160819_no9_1,00:02:11,00:02:27,search
20160819_no9_1,00:02:27,00:03:03,shallow
20160819_no9_1,00:03:03,00:03:39,search
20160819_no9_1,00:03:39,00:04:31,shallow
20160819_no9_1,00:04:31,00:04:39,search
20160819_no9_1,00:04:39,00:05:09,shallow
20160819_no9_1,00:05:09,00:05:14,search
20160819_no9_1,00:05:14,00:05:39,shallow
20160819_no9_1,00:05:39,00:05:53,search
20160819_no9_1,00:05:53,00:06:32,shallow
20160819_no9_1,00:06:32,00:06:38,search
20160819_no9_1,00:06:38,00:07:03,shallow
20160819_no9_1,00:07:03,00:07:20,search
20160819_no9_1,00:07:20,00:07:57,shallow
20160819_no9_1,00:07:57,00:08:00,breath
20160819_no9_1,00:08:00,00:08:22,shallow
20160819_no9_1,00:08:22,00:08:42,search
20160819_no9_1,00:08:42,00:09:28,shallow
20160819_no9_1,00:09:28,00:10:01,search
20160819_no9_1,00:10:01,00:11:13,shallow
20160819_no9_1,00:11:13,00:12:10,search
20160819_no9_1,00:12:10,00:12:53,descent
20160819_no9_1,00:12:53,00:13:33,ascent
20160819_no9_1,00:13:33,00:15:00,search
20160819_no9_1,00:15:00,00:15:36,descent
20160819_no9_1,00:15:36,00:15:47,search
20160819_no9_1,00:15:47,00:15:50,bottom
20160819_no9_1,00:15:50,00:16:23,ascent
20160819_no9_1,00:16:23,00:17:29,search
20160819_no9_1,00:17:29,00:18:04,descent
20160819_no9_1,00:18:04,00:18:10,bottom
20160819_no9_1,00:18:10,00:18:25,bottom
20160819_no9_1,00:18:25,00:18:56,ascent
20160819_no9_1,00:18:56,00:19:12,search
20160819_no9_1,00:19:12,00:19:28,shallow
20160819_no9_1,00:19:28,00:19:32,search
20160819_no9_1,00:19:32,00:19:40,shallow
20160819_no9_1,00:19:40,00:25:55,search
20160819_no9_1,00:25:55,00:26:07,subsurface
20160819_no9_1,00:26:07,00:26:08,breath
20160819_no9_1,00:26:08,00:26:14,shallow
20160819_no9_1,00:26:14,00:27:06,search
20160819_no9_1,00:27:06,00:27:14,shallow
20160819_no9_1,00:27:14,00:27:48,search
20160819_no9_1,00:27:48,00:28:15,descent
20160819_no9_1,00:28:15,00:28:39,bottom
20160819_no9_1,00:28:39,00:28:44,bottom
20160819_no9_1,00:28:44,00:28:52,bottom
20160819_no9_1,00:28:52,00:29:27,ascent
20160819_no9_1,00:29:27,00:29:54,search
20160819_no9_1,00:29:54,00:30:00,shallow
20160819_no9_2,00:00:00,00:00:07,shallow
20160819_no9_2,00:00:07,00:00:54,search
20160819_no9_2,00:00:54,00:01:25,descent
20160819_no9_2,00:01:25,00:01:45,bottom
20160819_no9_2,00:01:45,00:01:56,bottom
20160819_no9_2,00:01:56,00:02:29,ascent
20160819_no9_2,00:02:29,00:03:22,search
20160819_no9_2,00:03:22,00:03:59,shallow
20160819_no9_2,00:03:59,00:04:20,search
20160819_no9_2,00:04:20,00:04:48,descent
20160819_no9_3,00:00:00,00:00:21,ascent
20160819_no9_3,00:00:21,00:00:22,search
20160819_no9_3,00:00:22,00:00:27,subsurface
20160819_no9_3,00:00:27,00:00:27,breath
20160819_no9_3,00:00:27,00:00:32,subsurface
20160819_no9_3,00:00:32,00:00:33,breath
20160819_no9_3,00:00:33,00:00:38,subsurface
20160819_no9_3,00:00:38,00:00:38,breath
20160819_no9_3,00:00:38,00:00:45,subsurface
20160819_no9_3,00:00:45,00:00:46,breath
20160819_no9_3,00:00:46,00:00:53,subsurface
20160819_no9_3,00:00:53,00:00:53,breath
20160819_no9_3,00:00:53,00:01:01,subsurface
20160819_no9_3,00:01:01,00:01:01,breath
20160819_no9_3,00:01:01,00:01:07,subsurface
20160819_no9_3,00:01:07,00:01:08,breath
20160819_no9_3,00:01:08,00:01:16,subsurface
20160819_no9_3,00:01:16,00:01:17,search
20160819_no9_3,00:01:17,00:01:28,subsurface
20160819_no9_3,00:01:28,00:01:29,breath
20160819_no9_3,00:01:29,00:01:38,subsurface
20160819_no9_3,00:01:38,00:01:39,breath
20160819_no9_3,00:01:39,00:01:50,subsurface
20160819_no9_3,00:01:50,00:01:51,breath
20160819_no9_3,00:01:51,00:02:03,subsurface
20160819_no9_3,00:02:03,00:02:04,breath
20160819_no9_3,00:02:04,00:02:14,subsurface
20160819_no9_3,00:02:14,00:02:15,breath
20160819_no9_3,00:02:15,00:02:27,subsurface
20160819_no9_3,00:02:27,00:02:28,breath
20160819_no9_3,00:02:28,00:02:42,subsurface
20160819_no9_3,00:02:42,00:02:43,breath
20160819_no9_3,00:02:43,00:02:48,subsurface
20160819_no9_3,00:02:48,00:02:50,breath
20160819_no9_3,00:02:50,00:03:00,subsurface
20160819_no9_3,00:03:00,00:03:01,breath
20160819_no9_3,00:03:01,00:03:13,subsurface
20160819_no9_3,00:03:13,00:03:14,breath
20160819_no9_3,00:03:14,00:03:28,subsurface
20160819_no9_3,00:03:28,00:03:29,breath
20160819_no9_3,00:03:29,00:03:32,subsurface
20160819_no9_3,00:03:32,00:03:32,breath
20160819_no9_3,00:03:32,00:03:34,subsurface
20160819_no9_3,00:03:34,00:03:35,breath
20160819_no9_3,00:03:35,00:03:45,subsurface
20160819_no9_3,00:03:45,00:03:46,breath
20160819_no9_3,00:03:46,00:03:50,subsurface
20160819_no9_3,00:03:50,00:04:08,search
20160819_no9_3,00:04:08,00:04:37,shallow
20160819_no9_3,00:04:37,00:04:38,breath
20160819_no9_3,00:04:38,00:04:40,subsurface
20160819_no9_3,00:04:40,00:04:42,breath
20160819_no9_3,00:04:42,00:05:03,shallow
20160819_no9_3,00:05:03,00:05:05,breath
20160819_no9_3,00:05:05,00:05:08,subsurface
20160819_no9_3,00:05:08,00:05:10,search
20160819_no9_3,00:05:10,00:05:32,shallow
20160819_no9_3,00:05:32,00:05:33,breath
20160819_no9_3,00:05:33,00:05:35,subsurface
20160819_no9_3,00:05:35,00:05:36,breath
20160819_no9_3,00:05:36,00:05:58,shallow
20160819_no9_3,00:05:58,00:06:03,search
20160819_no9_3,00:06:03,00:06:07,subsurface
20160819_no9_3,00:06:07,00:06:08,breath
20160819_no9_3,00:06:08,00:06:39,shallow
20160819_no9_3,00:06:39,00:06:41,search
20160819_no9_3,00:06:41,00:06:44,subsurface
20160819_no9_3,00:06:44,00:06:47,search
20160819_no9_3,00:06:47,00:07:18,shallow
20160819_no9_3,00:07:18,00:07:30,search
20160819_no9_3,00:07:30,00:07:34,subsurface
20160819_no9_3,00:07:34,00:07:34,breath
20160819_no9_3,00:07:34,00:08:12,shallow
20160819_no9_3,00:08:12,00:08:28,search
20160819_no9_3,00:08:28,00:08:41,shallow
20160819_no9_3,00:08:41,00:08:58,descent
20160819_no9_3,00:08:58,00:09:34,ascent
20160819_no9_3,00:09:34,00:09:35,breath
20160819_no9_3,00:09:35,00:09:38,subsurface
20160819_no9_3,00:09:38,00:09:39,breath
20160819_no9_3,00:09:39,00:09:41,subsurface
20160819_no9_3,00:09:41,00:09:41,breath
20160819_no9_3,00:09:41,00:09:44,subsurface
20160819_no9_3,00:09:44,00:10:02,search
20160819_no9_3,00:10:02,00:10:19,shallow
20160819_no9_3,00:10:19,00:10:30,search
20160819_no9_3,00:10:30,00:10:53,shallow
20160819_no9_3,00:10:53,00:10:58,search
20160819_no9_3,00:10:58,00:11:19,shallow
20160819_no9_3,00:11:19,00:11:21,breath
20160819_no9_3,00:11:21,00:11:25,subsurface
20160819_no9_3,00:11:25,00:11:26,breath
20160819_no9_3,00:11:26,00:11:43,shallow
20160819_no9_3,00:11:43,00:11:53,search
20160819_no9_3,00:11:53,00:12:22,shallow
20160819_no9_3,00:12:22,00:12:23,breath
20160819_no9_3,00:12:23,00:12:25,subsurface
20160819_no9_3,00:12:25,00:12:26,breath
20160819_no9_3,00:12:26,00:12:30,subsurface
20160819_no9_3,00:12:30,00:12:31,breath
20160819_no9_3,00:12:31,00:12:33,subsurface
20160819_no9_3,00:12:33,00:12:34,breath
20160819_no9_3,00:12:34,00:12:41,subsurface
20160819_no9_3,00:12:41,00:12:42,breath
20160819_no9_3,00:12:42,00:12:49,subsurface
20160819_no9_3,00:12:49,00:12:54,search
20160819_no9_3,00:12:54,00:13:12,subsurface
20160819_no9_3,00:13:12,00:13:24,search
20160819_no9_3,00:13:24,00:13:44,subsurface
20160819_no9_3,00:13:44,00:13:52,search
20160819_no9_3,00:13:52,00:14:18,shallow
20160819_no9_3,00:14:18,00:14:20,breath
20160819_no9_3,00:14:20,00:14:37,shallow
20160819_no9_3,00:14:37,00:14:38,breath
20160819_no9_3,00:14:38,00:14:43,subsurface
20160819_no9_3,00:14:43,00:14:48,search
20160819_no9_3,00:14:48,00:15:13,shallow
20160819_no9_3,00:15:13,00:15:17,search
20160819_no9_3,00:15:17,00:15:22,subsurface
20160819_no9_3,00:15:22,00:15:22,breath
20160819_no9_3,00:15:22,00:15:43,shallow
20160819_no9_3,00:15:43,00:15:53,search
20160819_no9_3,00:15:53,00:16:20,shallow
20160819_no9_3,00:16:20,00:16:25,search
20160819_no9_3,00:16:25,00:16:53,shallow
20160819_no9_3,00:16:53,00:17:00,search
20160819_no9_3,00:17:00,00:17:25,shallow
20160819_no9_3,00:17:25,00:17:33,search
20160819_no9_3,00:17:33,00:18:02,shallow
20160819_no9_3,00:18:02,00:18:11,search
20160819_no9_3,00:18:11,00:18:42,shallow
20160819_no9_3,00:18:42,00:19:03,search
20160819_no9_3,00:19:03,00:19:37,descent
20160819_no9_3,00:19:37,00:20:02,bottom
20160819_no9_3,00:20:02,00:20:28,ascent
20160819_no9_3,00:20:28,00:20:53,search
20160819_no9_3,00:20:53,00:21:24,descent
20160819_no9_3,00:21:24,00:21:48,bottom
20160819_no9_3,00:21:48,00:22:16,ascent
20160819_no9_3,00:22:16,00:22:39,search
20160819_no9_3,00:22:39,00:22:55,shallow
20160819_no9_3,00:22:55,00:22:56,breath
20160819_no9_3,00:22:56,00:23:18,shallow
20160819_no9_3,00:23:18,00:23:33,search
20160819_no9_3,00:23:33,00:24:02,descent
20160819_no9_3,00:24:02,00:24:26,bottom
20160819_no9_3,00:24:26,00:24:31,bottom
20160819_no9_3,00:24:31,00:24:55,ascent
20160819_no9_3,00:24:55,00:25:29,search
20160819_no9_3,00:25:29,00:25:58,descent
20160819_no9_3,00:25:58,00:26:28,bottom
20160819_no9_3,00:26:28,00:26:55,ascent
20160819_no9_3,00:26:55,00:27:26,search
20160819_no9_3,00:27:26,00:27:57,descent
20160819_no9_3,00:27:57,00:28:25,bottom
20160819_no9_3,00:28:25,00:28:56,ascent
20160819_no9_3,00:28:56,00:29:03,search
20160819_no9_3,00:29:03,00:29:17,shallow
20160819_no9_3,00:29:17,00:29:28,search
20160819_no9_3,00:29:28,00:29:59,shallow
20160819_no9_4,00:00:00,00:00:09,search
20160819_no9_4,00:00:09,00:00:38,descent
20160819_no9_4,00:00:38,00:01:02,bottom
20160819_no9_4,00:01:02,00:01:35,ascent
20160819_no9_4,00:01:35,00:02:01,search
20160819_no9_4,00:02:01,00:02:26,descent
20160819_no9_4,00:02:26,00:02:42,bottom
20160819_no9_4,00:02:42,00:03:23,ascent
20160819_no9_4,00:03:23,00:03:31,search
20160819_no9_4,00:03:31,00:03:56,shallow
20160819_no9_4,00:03:56,00:04:05,search
20160819_no9_4,00:04:05,00:04:45,shallow
20160819_no9_4,00:04:45,00:04:59,search
20160819_no9_4,00:04:59,00:05:25,descent
20160819_no9_4,00:05:25,00:05:34,bottom
20160819_no9_4,00:05:34,00:06:04,ascent
20160819_no9_4,00:06:04,00:06:21,search
20160819_no9_4,00:06:21,00:06:52,descent
20160819_no9_4,00:06:52,00:07:08,bottom
20160819_no9_4,00:07:08,00:07:37,ascent
20160819_no9_4,00:07:37,00:07:50,search
20160819_no9_4,00:07:50,00:08:31,shallow
20160819_no9_4,00:08:31,00:08:40,search
20160819_no9_4,00:08:40,00:09:20,shallow
20160819_no9_4,00:09:20,00:09:31,search
20160819_no9_4,00:09:31,00:09:44,shallow
20160819_no9_4,00:09:44,00:09:54,descent
20160819_no9_4,00:09:54,00:09:57,bottom
20160819_no9_4,00:09:57,00:10:16,ascent
20160819_no9_4,00:10:16,00:10:30,search
20160819_no9_4,00:10:30,00:10:54,descent
20160819_no9_4,00:10:54,00:11:12,bottom
20160819_no9_4,00:11:12,00:11:37,ascent
20160819_no9_4,00:11:37,00:11:55,search
20160819_no9_4,00:11:55,00:12:28,descent
20160819_no9_4,00:12:28,00:12:42,bottom
20160819_no9_4,00:12:42,00:13:05,ascent
20160819_no9_4,00:13:05,00:13:15,search
20160819_no9_4,00:13:15,00:13:45,shallow
20160819_no9_4,00:13:45,00:13:52,search
20160819_no9_4,00:13:52,00:14:28,shallow
20160819_no9_4,00:14:28,00:14:38,search
20160819_no9_4,00:14:38,00:15:06,descent
20160819_no9_4,00:15:06,00:15:16,bottom
20160819_no9_4,00:15:16,00:15:37,ascent
20160819_no9_4,00:15:37,00:15:45,search
20160819_no9_4,00:15:45,00:16:16,shallow
20160819_no9_4,00:16:16,00:16:27,search
20160819_no9_4,00:16:27,00:17:13,shallow
20160819_no9_4,00:17:13,00:17:24,search
20160819_no9_4,00:17:24,00:18:19,shallow
20160819_no9_4,00:18:19,00:18:30,search
20160819_no9_4,00:18:30,00:18:59,descent
20160819_no9_4,00:18:59,00:19:13,bottom
20160819_no9_4,00:19:13,00:19:33,ascent
20160819_no9_4,00:19:33,00:19:56,search
20160819_no9_4,00:19:56,00:20:22,descent
20160819_no9_4,00:20:22,00:20:39,bottom
20160819_no9_4,00:20:39,00:21:02,ascent
20160819_no9_4,00:21:02,00:21:24,search
20160819_no9_4,00:21:24,00:22:01,descent
20160819_no9_4,00:22:01,00:22:16,bottom
20160819_no9_4,00:22:16,00:22:38,ascent
20160819_no9_4,00:22:38,00:23:06,search
20160819_no9_4,00:23:06,00:23:54,descent
20160819_no9_4,00:23:54,00:24:22,ascent
20160819_no9_4,00:24:22,00:24:43,search
20160819_no9_4,00:24:43,00:24:54,shallow
20160819_no9_4,00:24:54,00:25:00,search
20160819_no9_4,00:25:00,00:25:25,descent
20160819_no9_4,00:25:25,00:25:49,bottom
20160819_no9_4,00:25:49,00:26:17,ascent
20160819_no9_4,00:26:17,00:26:42,search
20160819_no9_4,00:26:42,00:27:11,descent
20160819_no9_4,00:27:11,00:27:25,bottom
20160819_no9_4,00:27:25,00:27:40,bottom
20160819_no9_4,00:27:40,00:28:07,ascent
20160819_no9_4,00:28:07,00:28:38,search
20160819_no9_4,00:28:38,00:29:04,descent
20160819_no9_4,00:29:04,00:29:14,bottom
20160819_no9_4,00:29:14,00:29:29,bottom
20160819_no9_4,00:29:29,00:29:56,ascent
20160819_no9_4,00:29:56,00:30:00,search
20160819_no9_5,00:00:00,00:00:09,shallow
20160819_no9_5,00:00:09,00:00:10,breath
20160819_no9_5,00:00:10,00:00:22,subsurface
20160819_no9_5,00:00:22,00:00:23,breath
20160819_no9_5,00:00:23,00:00:33,subsurface
20160819_no9_5,00:00:33,00:00:33,breath
20160819_no9_5,00:00:33,00:00:46,subsurface
20160819_no9_5,00:00:46,00:00:47,breath
20160819_no9_5,00:00:47,00:00:57,subsurface
20160819_no9_5,00:00:57,00:00:58,breath
20160819_no9_5,00:00:58,00:01:09,subsurface
20160819_no9_5,00:01:09,00:01:10,breath
20160819_no9_5,00:01:10,00:01:20,subsurface
20160819_no9_5,00:01:20,00:01:21,breath
20160819_no9_5,00:01:21,00:01:32,subsurface
20160819_no9_5,00:01:32,00:01:34,breath
20160819_no9_5,00:01:34,00:01:47,subsurface
20160819_no9_5,00:01:47,00:01:48,breath
20160819_no9_5,00:01:48,00:01:56,subsurface
20160819_no9_5,00:01:56,00:01:57,breath
20160819_no9_5,00:01:57,00:02:09,subsurface
20160819_no9_5,00:02:09,00:02:11,breath
20160819_no9_5,00:02:11,00:02:29,subsurface
20160819_no9_5,00:02:29,00:02:30,breath
20160819_no9_5,00:02:30,00:02:44,subsurface
20160819_no9_5,00:02:44,00:02:45,breath
20160819_no9_5,00:02:45,00:02:58,subsurface
20160819_no9_5,00:02:58,00:02:59,breath
20160819_no9_5,00:02:59,00:03:16,subsurface
20160819_no9_5,00:03:16,00:03:17,breath
20160819_no9_5,00:03:17,00:03:31,subsurface
20160819_no9_5,00:03:31,00:03:32,breath
20160819_no9_5,00:03:32,00:03:37,subsurface
20160819_no9_5,00:03:37,00:03:39,breath
20160819_no9_5,00:03:39,00:03:57,subsurface
20160819_no9_5,00:03:57,00:03:59,breath
20160819_no9_5,00:03:59,00:04:20,subsurface
20160819_no9_5,00:04:20,00:04:24,breath
20160819_no9_5,00:04:24,00:04:28,subsurface
20160819_no9_5,00:04:28,00:04:35,breath
20160819_no9_5,00:04:35,00:05:02,descent
20160819_no9_5,00:05:02,00:05:21,bottom
20160819_no9_5,00:05:21,00:05:47,ascent
20160819_no9_5,00:05:47,00:06:11,search
20160819_no9_5,00:06:11,00:06:23,descent
20160929_no9_2,00:00:00,00:02:31,subsurface
20160929_no9_2,00:02:31,00:02:34,search
20160929_no9_2,00:02:34,00:02:44,subsurface
20160929_no9_2,00:02:44,00:03:19,search
20160929_no9_2,00:03:19,00:03:39,descent
20160929_no9_2,00:03:39,00:04:11,ascent
20160929_no9_2,00:04:11,00:04:13,breath
20160929_no9_2,00:04:13,00:04:18,subsurface
20160929_no9_2,00:04:18,00:04:41,search
20160929_no9_3,00:00:00,00:21:34,search
20160929_no9_3,00:21:34,00:21:56,descent
20160929_no9_3,00:21:56,00:22:18,bottom
20160929_no9_3,00:22:18,00:22:52,ascent
20160929_no9_3,00:22:52,00:23:32,search
20160929_no9_3,00:23:32,00:24:08,descent
20160929_no9_3,00:24:08,00:24:19,bottom
20160929_no9_3,00:24:19,00:24:21,bottom
20160929_no9_3,00:24:21,00:25:03,ascent
20160929_no9_3,00:25:03,00:25:50,search
20160929_no9_3,00:25:50,00:26:24,descent
20160929_no9_3,00:26:24,00:26:42,bottom
20160929_no9_3,00:26:42,00:27:38,ascent
20160929_no9_3,00:27:38,00:28:28,search
20160929_no9_3,00:28:28,00:29:08,descent
20160929_no9_3,00:29:08,00:29:31,bottom
20160929_no9_3,00:29:31,06:00:00,ascent
20160929_no9_4,00:00:00,00:00:17,ascent
20160929_no9_4,00:00:17,00:01:08,search
20160929_no9_4,00:01:08,00:01:25,descent
20160929_no9_4,00:01:25,00:01:59,bottom
20160929_no9_4,00:01:59,00:02:31,ascent
20160929_no9_4,00:02:31,00:03:05,search
20160929_no9_4,00:03:05,00:03:53,descent
20160929_no9_4,00:03:53,00:04:04,bottom
20160929_no9_4,00:04:04,00:04:52,ascent
20160929_no9_4,00:04:52,00:05:32,search
20160929_no9_4,00:05:32,00:05:54,descent
20160929_no9_4,00:05:54,00:06:13,bottom
20160929_no9_4,00:06:13,00:07:10,ascent
20160929_no9_4,00:07:10,00:07:44,search
20160929_no9_4,00:07:44,00:07:54,descent
20160929_no9_4,00:07:54,00:08:01,bottom
20160929_no9_4,00:08:01,00:08:23,ascent
20160929_no9_4,00:08:23,00:08:40,search
20160929_no9_4,00:08:40,00:09:06,descent
20160929_no9_4,00:09:06,00:09:15,bottom
20160929_no9_4,00:09:15,00:09:41,ascent
20160929_no9_4,00:09:41,00:09:48,search
20160929_no9_4,00:09:48,00:09:51,subsurface
20160929_no9_4,00:09:51,00:09:52,breath
20160929_no9_4,00:09:52,00:10:00,shallow
20160929_no9_4,00:10:00,00:10:04,search
20160929_no9_4,00:10:04,00:10:07,subsurface
20160929_no9_4,00:10:07,00:10:07,breath
20160929_no9_4,00:10:07,00:10:14,shallow
20160929_no9_4,00:10:14,00:10:16,breath
20160929_no9_4,00:10:16,00:10:18,subsurface
20160929_no9_4,00:10:18,00:10:18,breath
20160929_no9_4,00:10:18,00:10:28,shallow
20160929_no9_4,00:10:28,00:10:30,search
20160929_no9_4,00:10:30,00:10:37,shallow
20160929_no9_4,00:10:37,00:10:38,breath
20160929_no9_4,00:10:38,00:10:39,subsurface
20160929_no9_4,00:10:39,00:10:41,breath
20160929_no9_4,00:10:41,00:10:47,subsurface
20160929_no9_4,00:10:47,00:10:48,breath
20160929_no9_4,00:10:48,00:10:53,shallow
20160929_no9_4,00:10:53,00:10:54,breath
20160929_no9_4,00:10:54,00:10:58,subsurface
20160929_no9_4,00:10:58,00:10:59,breath
20160929_no9_4,00:10:59,00:11:01,subsurface
20160929_no9_4,00:11:01,00:11:02,breath
20160929_no9_4,00:11:02,00:11:13,subsurface
20160929_no9_4,00:11:13,00:11:14,breath
20160929_no9_4,00:11:14,00:11:21,subsurface
20160929_no9_4,00:11:21,00:11:22,breath
20160929_no9_4,00:11:22,00:11:52,shallow
20160929_no9_4,00:11:52,00:12:11,search
20160929_no9_4,00:12:11,00:12:19,subsurface
20160929_no9_4,00:12:19,00:12:53,search
20160929_no9_4,00:12:53,00:13:16,descent
20160929_no9_4,00:13:16,00:13:34,bottom
20160929_no9_4,00:13:34,00:13:37,bottom
20160929_no9_4,00:13:37,00:13:18,ascent
20160929_no9_4,00:13:18,00:14:54,
20160929_no9_4,00:14:54,00:15:00,subsurface
20160929_no9_4,00:15:00,00:15:26,search
20160929_no9_4,00:15:26,00:15:59,descent
20160929_no9_4,00:15:59,00:16:34,bottom
20160929_no9_4,00:16:34,00:17:01,ascent
20160929_no9_4,00:17:01,00:17:55,search
20160929_no9_4,00:17:55,00:18:21,descent
20160929_no9_4,00:18:21,00:18:40,bottom
20160929_no9_4,00:18:40,00:19:22,ascent
20160929_no9_4,00:19:22,00:20:11,search
20160929_no9_4,00:20:11,00:20:39,descent
20160929_no9_4,00:20:39,00:20:54,bottom
20160929_no9_4,00:20:54,00:21:28,ascent
20160929_no9_4,00:21:28,00:22:22,search
20160929_no9_4,00:22:22,00:22:50,descent
20160929_no9_4,00:22:50,00:23:22,bottom
20160929_no9_4,00:23:22,00:23:52,ascent
20160929_no9_4,00:23:52,00:24:10,search
20160929_no9_4,00:24:10,00:24:20,subsurface
20160929_no9_4,00:24:20,00:24:45,search
20160929_no9_4,00:24:45,00:25:10,descent
20160929_no9_4,00:25:10,00:25:38,bottom
20160929_no9_4,00:25:38,00:26:23,ascent
20160929_no9_4,00:26:23,00:27:16,search
20160929_no9_4,00:27:16,00:27:42,descent
20160929_no9_4,00:27:42,00:27:53,bottom
20160929_no9_4,00:27:53,00:28:23,ascent
20160929_no9_4,00:28:23,00:29:01,search
20160929_no9_4,00:29:01,00:29:31,descent
20160929_no9_4,00:29:31,00:29:32,bottom
20160930_no8_1,00:00:00,00:00:35,ascent
20160930_no8_1,00:00:35,00:01:27,search
20160930_no8_1,00:01:27,00:01:38,descent
20160930_no8_1,00:01:38,00:02:26,bottom
20160930_no8_1,00:02:26,00:02:44,ascent
20160930_no8_1,00:02:44,00:02:46,breath
20160930_no8_1,00:02:46,00:02:52,subsurface
20160930_no8_1,00:02:52,00:03:21,search
20160930_no8_1,00:03:21,00:03:31,descent
20160930_no8_1,00:03:31,00:03:56,bottom
20160930_no8_1,00:03:56,00:04:16,bottom
20160930_no8_1,00:04:16,00:04:40,ascent
20160930_no8_1,00:04:40,00:05:25,search
20160930_no8_1,00:05:25,00:05:35,descent
20160930_no8_1,00:05:35,00:05:59,bottom
20160930_no8_1,00:05:59,00:06:33,ascent
20160930_no8_1,00:06:33,00:07:02,search
20160930_no8_1,00:07:02,00:07:13,descent
20160930_no8_1,00:07:13,00:07:23,ascent
20160930_no8_1,00:07:23,00:07:47,shallow
20160930_no8_1,00:07:47,00:07:52,descent
20160930_no8_1,00:07:52,00:08:14,ascent
20160930_no8_1,00:08:14,00:08:43,search
20160930_no8_1,00:08:43,00:09:05,descent
20160930_no8_1,00:09:05,00:09:30,bottom
20160930_no8_1,00:09:30,00:10:13,ascent
20160930_no8_1,00:10:13,00:10:28,search
20160930_no8_1,00:10:28,00:10:42,shallow
20160930_no8_1,00:10:42,00:10:45,search
20160930_no8_1,00:10:45,00:10:51,shallow
20160930_no8_1,00:10:51,00:10:54,search
20160930_no8_1,00:10:54,00:10:56,subsurface
20160930_no8_1,00:10:56,00:10:56,breath
20160930_no8_1,00:10:56,00:11:06,shallow
20160930_no8_1,00:11:06,00:11:12,search
20160930_no8_1,00:11:12,00:11:20,shallow
20160930_no8_1,00:11:20,00:11:25,descent
20160930_no8_1,00:11:25,00:11:35,bottom
20160930_no8_1,00:11:35,00:11:44,ascent
20160930_no8_1,00:11:44,00:11:48,descent
20160930_no8_1,00:11:48,00:12:02,ascent
20160930_no8_1,00:12:02,00:12:50,search
20160930_no8_1,00:12:50,00:13:13,descent
20160930_no8_1,00:13:13,00:13:37,bottom
20160930_no8_1,00:13:37,00:14:14,ascent
20160930_no8_1,00:14:14,00:14:24,search
20160930_no8_1,00:14:24,00:14:30,subsurface
20160930_no8_1,00:14:30,00:14:31,breath
20160930_no8_1,00:14:31,00:14:34,subsurface
20160930_no8_1,00:14:34,00:14:35,breath
20160930_no8_1,00:14:35,00:14:46,shallow
20160930_no8_1,00:14:46,00:14:46,breath
20160930_no8_1,00:14:46,00:14:48,subsurface
20160930_no8_1,00:14:48,00:14:49,breath
20160930_no8_1,00:14:49,00:14:51,subsurface
20160930_no8_1,00:14:51,00:14:52,breath
20160930_no8_1,00:14:52,00:15:02,shallow
20160930_no8_1,00:15:02,00:15:17,descent
20160930_no8_1,00:15:17,00:15:36,ascent
20160930_no8_1,00:15:36,00:16:07,search
20160930_no8_1,00:16:07,00:16:10,subsurface
20160930_no8_1,00:16:10,00:16:26,search
20160930_no8_1,00:16:26,00:16:55,descent
20160930_no8_1,00:16:55,00:17:09,ascent
20160930_no8_1,00:17:09,00:17:25,shallow
20160930_no8_1,00:17:25,00:18:34,search
20160930_no8_1,00:18:34,00:19:04,descent
20160930_no8_1,00:19:04,00:19:30,bottom
20160930_no8_1,00:19:30,00:19:50,ascent
20160930_no8_1,00:19:50,00:19:58,search
20160930_no8_1,00:19:58,00:20:05,shallow
20160930_no8_1,00:20:05,00:20:07,breath
20160930_no8_1,00:20:07,00:20:13,shallow
20160930_no8_1,00:20:13,00:20:15,breath
20160930_no8_1,00:20:15,00:20:20,shallow
20160930_no8_1,00:20:20,00:20:38,descent
20160930_no8_1,00:20:38,00:20:47,bottom
20160930_no8_1,00:20:47,00:21:24,ascent
20160930_no8_1,00:20:47,00:23:20,search
20160930_no8_1,00:23:20,00:24:00,search
20160930_no8_1,00:24:00,00:24:40,descent
20160930_no8_1,00:24:40,00:24:58,bottom
20160930_no8_1,00:24:58,00:25:39,ascent
20160930_no8_1,00:25:39,00:25:50,search
20160930_no8_1,00:25:50,00:25:58,descent
20160930_no8_1,00:25:58,00:26:11,bottom
20160930_no8_1,00:26:11,00:26:24,ascent
20160930_no8_1,00:26:24,00:27:06,search
20160930_no8_1,00:27:06,00:27:50,descent
20160930_no8_1,00:27:50,00:28:16,bottom
20160930_no8_1,00:28:16,00:28:48,ascent
20160930_no8_1,00:28:48,06:00:00,search
20160930_no8_3,00:00:00,00:00:52,ascent
20160930_no8_3,00:00:52,00:02:13,search
20160930_no8_3,00:02:13,00:02:54,descent
20160930_no8_3,00:02:54,00:03:15,bottom
20160930_no8_3,00:03:15,00:04:10,ascent
20160930_no8_3,00:04:10,00:04:43,search
20160930_no8_3,00:04:43,00:05:12,subsurface
20160930_no8_3,00:05:12,00:05:40,search
20160930_no8_3,00:05:40,00:06:02,shallow
20160930_no8_3,00:06:02,00:06:30,descent
20160930_no8_3,00:06:30,00:06:42,bottom
20160930_no8_3,00:06:42,00:07:26,ascent
20160930_no8_3,00:07:26,00:08:16,search
20160930_no8_3,00:08:16,00:08:58,descent
20160930_no8_3,00:08:58,00:10:03,ascent
20160930_no8_3,00:10:03,00:10:49,search
20160930_no8_3,00:10:49,00:11:08,shallow
20160930_no8_3,00:11:08,00:11:42,descent
20160930_no8_3,00:11:42,00:11:50,bottom
20160930_no8_3,00:11:50,00:12:35,ascent
20160930_no8_3,00:12:35,00:13:29,search
20160930_no8_3,00:13:29,00:14:10,descent
20160930_no8_3,00:14:10,00:14:36,bottom
20160930_no8_3,00:14:36,00:15:27,ascent
20160930_no8_3,00:15:27,00:17:56,rest
20160930_no8_3,00:17:56,00:18:40,descent
20160930_no8_3,00:18:40,00:19:35,bottom
20160930_no8_3,00:19:35,00:20:09,ascent
20160930_no8_3,00:20:09,00:20:15,search
20160930_no8_3,00:20:15,00:20:51,shallow
20160930_no8_3,00:20:51,00:21:53,search
20160930_no8_3,00:21:53,00:22:25,descent
20160930_no8_3,00:22:25,00:22:45,ascent
20160930_no8_3,00:22:45,00:24:13,search
20160930_no8_3,00:24:13,00:24:53,subsurface
20160930_no8_3,00:24:53,00:24:55,breath
20160930_no8_3,00:24:55,00:25:10,subsurface
20160930_no8_3,00:25:10,00:25:59,search
20160930_no8_3,00:25:59,00:26:20,shallow
20160930_no8_3,00:26:20,00:29:07,search
20160930_no8_3,00:29:07,00:29:48,shallow
20160930_no8_3,00:29:48,00:30:00,search
20160930_no8_4,00:00:00,00:00:31,search
20160930_no8_4,00:00:31,00:00:55,subsurface
20160930_no8_4,00:00:55,00:01:07,search
20160930_no8_4,00:01:07,00:01:32,subsurface
20160930_no8_4,00:01:32,00:01:34,breath
20160930_no8_4,00:01:34,00:01:42,subsurface
20160930_no8_4,00:01:42,00:01:45,breath
20160930_no8_4,00:01:45,00:02:17,subsurface
20160930_no8_4,00:02:17,00:02:43,search
20160930_no8_4,00:02:43,00:03:07,shallow
20160930_no8_4,00:03:07,00:03:08,breath
20160930_no8_4,00:03:08,00:03:18,descent
20160930_no8_4,00:03:18,00:03:28,bottom
20160930_no8_4,00:03:28,00:03:51,ascent
20160930_no8_4,00:03:51,00:04:03,search
20160930_no8_4,00:04:03,00:04:45,shallow
20160930_no8_4,00:04:45,00:04:57,search
20160930_no8_4,00:04:57,00:05:05,subsurface
20160930_no8_4,00:05:05,00:05:20,search
20160930_no8_4,00:05:20,00:06:14,shallow
20160930_no8_4,00:06:14,00:06:31,search
20160930_no8_4,00:06:31,00:07:14,shallow
20160930_no8_4,00:07:14,00:07:18,subsurface
20160930_no8_4,00:07:18,00:07:18,breath
20160930_no8_4,00:07:18,00:07:27,subsurface
20160930_no8_4,00:07:27,00:07:29,breath
20160930_no8_4,00:07:29,00:07:40,subsurface
20160930_no8_4,00:07:40,00:09:37,search
20160930_no8_4,00:09:37,00:10:05,subsurface
20160930_no8_4,00:10:05,00:10:07,breath
20160930_no8_4,00:10:07,00:10:30,subsurface
20160930_no8_4,00:10:30,00:10:37,search
20160930_no8_4,00:10:37,00:10:55,subsurface
20160930_no8_4,00:10:55,00:11:06,search
20160930_no8_4,00:11:06,00:12:09,shallow
20160930_no8_4,00:12:09,00:13:03,search
20160930_no8_4,00:13:03,00:13:55,descent
20160930_no8_4,00:13:55,00:14:09,bottom
20160930_no8_4,00:14:09,00:14:57,ascent
20160930_no8_4,00:14:57,00:15:52,search
20160930_no8_4,00:15:52,00:16:10,subsurface
20160930_no8_4,00:16:10,00:16:13,search
20160930_no8_4,00:16:13,00:16:43,shallow
20160930_no8_4,00:16:43,00:17:08,search
20160930_no8_4,00:17:08,00:17:49,shallow
20160930_no8_4,00:17:49,00:20:03,search
20160930_no8_4,00:20:03,00:20:37,shallow
20160930_no8_4,00:20:37,00:21:04,search
20160930_no8_4,00:21:04,00:21:45,shallow
20160930_no8_4,00:21:45,00:22:18,search
20160930_no8_4,00:22:18,00:22:43,shallow
20160930_no8_4,00:22:43,00:23:27,search
20161005_no9_1,00:00:00,00:00:23,ascent
20161005_no9_1,00:00:23,00:01:15,search
20161005_no9_1,00:01:15,00:01:42,descent
20161005_no9_1,00:01:42,00:01:52,bottom
20161005_no9_1,00:01:52,00:02:24,ascent
20161005_no9_1,00:02:24,00:03:03,search
20161005_no9_1,00:03:03,00:03:31,descent
20161005_no9_1,00:03:31,00:03:40,bottom
20161005_no9_1,00:03:40,00:04:15,ascent
20161005_no9_1,00:04:15,00:04:54,search
20161005_no9_1,00:04:54,00:05:24,descent
20161005_no9_1,00:05:24,00:05:32,bottom
20161005_no9_1,00:05:32,00:06:10,ascent
20161005_no9_1,00:06:10,00:07:37,search
20161005_no9_1,00:07:37,00:08:00,descent
20161005_no9_1,00:08:00,00:08:06,ascent
20161005_no9_1,00:08:06,00:08:28,bottom
20161005_no9_1,00:08:28,00:08:44,ascent
20161005_no9_1,00:08:44,00:09:43,search
20161005_no9_1,00:09:43,00:10:17,descent
20161005_no9_1,00:10:17,00:10:30,bottom
20161005_no9_1,00:10:30,00:10:51,ascent
20161005_no9_1,00:10:51,00:11:38,search
20161005_no9_1,00:11:38,00:12:07,descent
20161005_no9_1,00:12:07,00:12:23,bottom
20161005_no9_1,00:12:23,00:12:52,ascent
20161005_no9_1,00:12:52,00:24:27,search
20161005_no9_1,00:24:27,00:25:19,shallow
20161005_no9_1,00:25:19,00:25:37,search
20161005_no9_1,00:25:37,00:26:32,shallow
20161005_no9_1,00:26:32,00:27:44,search
20161005_no9_1,00:27:44,00:28:38,shallow
20161005_no9_1,00:28:38,00:28:56,search
20161005_no9_1,00:28:56,00:29:31,shallow
20161005_no9_1,00:29:31,00:29:48,search
20161005_no9_1,00:29:48,00:30:00,shallow
20161005_no9_2,00:00:00,00:00:23,shallow
20161005_no9_2,00:00:23,00:00:39,search
20161005_no9_2,00:00:39,00:01:24,shallow
20161005_no9_2,00:01:24,00:01:51,search
20161005_no9_2,00:01:51,00:02:45,shallow
20161005_no9_2,00:02:45,00:03:01,search
20161005_no9_2,00:03:01,00:03:45,shallow
20161005_no9_2,00:03:45,00:04:15,search
20161005_no9_2,00:04:15,00:04:49,shallow
20161005_no9_3,00:00:00,00:00:11,search
20161005_no9_3,00:00:11,00:00:24,descent
20161005_no9_3,00:00:24,00:01:18,bottom
20161005_no9_3,00:01:18,00:01:33,ascent
20161005_no9_3,00:01:33,00:01:55,search
20161005_no9_3,00:01:55,00:02:08,descent
20161005_no9_3,00:02:08,00:02:55,bottom
20161005_no9_3,00:02:55,00:03:11,ascent
20161005_no9_3,00:03:11,00:03:35,search
20161005_no9_3,00:03:35,00:04:12,descent
20161005_no9_3,00:04:12,00:04:21,bottom
20161005_no9_3,00:04:21,00:04:59,ascent
20161005_no9_3,00:04:59,00:05:23,search
20161005_no9_3,00:05:23,00:06:00,descent
20161005_no9_3,00:06:00,00:06:08,bottom
20161005_no9_3,00:06:08,00:06:47,ascent
20161005_no9_3,00:06:47,00:07:14,search
20161005_no9_3,00:07:14,00:07:45,descent
20161005_no9_3,00:07:45,00:07:58,bottom
20161005_no9_3,00:07:58,00:08:35,ascent
20161005_no9_3,00:08:35,00:08:57,search
20161005_no9_3,00:08:57,00:09:26,descent
20161005_no9_3,00:09:26,00:09:37,bottom
20161005_no9_3,00:09:37,00:10:08,ascent
20161005_no9_3,00:10:08,00:10:34,search
20161005_no9_3,00:10:34,00:11:05,descent
20161005_no9_3,00:11:05,00:11:16,bottom
20161005_no9_3,00:11:16,00:11:54,ascent
20161005_no9_3,00:11:54,00:12:18,search
20161005_no9_3,00:12:18,00:12:49,descent
20161005_no9_3,00:12:49,00:13:03,bottom
20161005_no9_3,00:13:03,00:13:38,ascent
20161005_no9_3,00:13:38,00:13:57,search
20161005_no9_3,00:13:57,00:14:04,descent
20161005_no9_3,00:14:04,00:14:57,bottom
20161005_no9_3,00:14:57,00:15:16,ascent
20161005_no9_3,00:15:16,00:15:40,search
20161005_no9_3,00:15:40,00:16:09,descent
20161005_no9_3,00:16:09,00:16:36,bottom
20161005_no9_3,00:16:36,00:17:04,ascent
20161005_no9_3,00:17:04,00:17:20,search
20161005_no9_3,00:17:20,00:17:35,shallow
20161005_no9_3,00:17:35,00:17:49,search
20161005_no9_3,00:17:49,00:18:14,descent
20161005_no9_3,00:18:14,00:18:34,bottom
20161005_no9_3,00:18:34,00:19:04,ascent
20161005_no9_3,00:19:04,00:19:20,search
20161005_no9_3,00:19:20,00:19:31,subsurface
20161005_no9_3,00:19:31,00:19:32,breath
20161005_no9_3,00:19:32,00:19:44,subsurface
20161005_no9_3,00:19:44,00:19:49,breath
20161005_no9_3,00:19:49,00:19:56,subsurface
20161005_no9_3,00:19:56,00:20:10,search
20161005_no9_3,00:20:10,00:20:38,descent
20161005_no9_3,00:20:38,00:20:42,bottom
20161005_no9_3,00:20:42,00:21:25,ascent
20161005_no9_3,00:21:25,00:21:29,search
20161005_no9_3,00:21:29,00:21:43,descent
20161005_no9_3,00:21:43,00:21:51,ascent
20161005_no9_3,00:21:51,00:22:35,search
20161005_no9_3,00:22:35,00:22:59,descent
20161005_no9_3,00:22:59,00:23:16,bottom
20161005_no9_3,00:23:16,00:23:49,bottom
20161005_no9_3,00:23:49,00:24:00,ascent
20161005_no9_3,00:24:00,00:24:45,search
20161005_no9_3,00:24:45,00:24:50,shallow
20161005_no9_3,00:24:50,00:25:15,search
20161005_no9_3,00:25:15,00:25:33,shallow
20161005_no9_3,00:25:33,00:25:52,search
20161005_no9_3,00:25:52,00:26:23,shallow
20161005_no9_3,00:26:23,00:26:51,search
20161005_no9_3,00:26:51,00:27:16,descent
20161005_no9_3,00:27:16,00:27:40,bottom
20161005_no9_3,00:27:40,00:27:56,ascent
20161005_no9_3,00:27:56,00:28:35,search
20161005_no9_3,00:28:35,00:28:55,descent
20161005_no9_3,00:28:55,00:29:21,bottom
20161005_no9_3,00:29:21,00:29:44,ascent
20161005_no9_3,00:29:44,00:30:00,search
20161005_no9_4,00:00:00,00:00:32,search
20161005_no9_4,00:00:32,00:00:54,descent
20161005_no9_4,00:00:54,00:01:27,ascent
20161005_no9_4,00:01:27,00:01:47,search
20161005_no9_4,00:01:47,00:02:06,shallow
20161005_no9_4,00:02:06,00:02:11,search
20161005_no9_4,00:02:11,00:02:23,shallow
20161005_no9_4,00:02:23,00:02:52,search
20161005_no9_4,00:02:52,00:03:08,descent
20161005_no9_4,00:03:08,00:03:13,bottom
20161005_no9_4,00:03:13,00:04:03,ascent
20161005_no9_4,00:04:03,00:04:21,search
20161005_no9_4,00:04:21,00:04:53,shallow
20161005_no9_4,00:04:53,00:05:42,search
20161005_no9_4,00:05:42,00:05:51,descent
20161005_no9_4,00:05:51,00:06:38,ascent
20161005_no9_4,00:06:38,00:07:37,search
20161005_no9_4,00:07:37,00:07:54,shallow
20161005_no9_4,00:07:54,00:08:04,search
20161005_no9_4,00:08:04,00:08:17,subsurface
20161005_no9_4,00:08:17,00:09:07,search
20161005_no9_4,00:09:07,00:10:04,shallow
20161005_no9_4,00:10:04,00:11:32,search
20161005_no9_4,00:11:32,00:11:54,descent
20161005_no9_4,00:11:54,00:12:27,bottom
20161005_no9_4,00:12:27,00:12:43,ascent
20161005_no9_4,00:12:43,00:13:37,search
20161005_no9_4,00:13:37,00:13:54,descent
20161005_no9_4,00:13:54,00:14:14,bottom
20161005_no9_4,00:14:14,00:14:35,ascent
20161005_no9_4,00:14:35,00:15:55,search
20161005_no9_4,00:15:55,00:16:16,descent
20161005_no9_4,00:16:16,00:16:35,bottom
20161005_no9_4,00:16:35,00:16:55,ascent
20161005_no9_4,00:16:55,00:18:19,search
20161005_no9_4,00:18:19,00:18:37,descent
20161005_no9_4,00:18:37,00:19:09,bottom
20161005_no9_4,00:19:09,00:19:31,ascent
20161005_no9_4,00:19:31,00:19:48,search
20161005_no9_4,00:19:48,00:19:59,subsurface
20161005_no9_4,00:19:59,00:20:08,search
20161005_no9_4,00:20:08,00:20:21,shallow
20161005_no9_4,00:20:21,00:20:22,breath
20161005_no9_4,00:20:22,00:20:32,shallow
20161005_no9_4,00:20:32,00:21:02,search
20161005_no9_4,00:21:02,00:21:25,descent
20161005_no9_4,00:21:25,00:21:32,bottom
20161005_no9_4,00:21:32,00:22:01,ascent
20161005_no9_4,00:22:01,00:22:56,search
20161005_no9_4,00:22:56,00:23:18,shallow
20161005_no9_4,00:23:18,00:23:19,breath
20161005_no9_4,00:23:19,00:23:26,subsurface
20161005_no9_4,00:23:26,00:24:07,search
20161005_no9_4,00:24:07,00:24:14,subsurface
20161005_no9_4,00:24:14,00:24:45,search
20161005_no9_4,00:24:45,00:25:14,shallow
20161005_no9_4,00:25:14,00:25:51,search
20161005_no9_4,00:25:51,00:26:18,shallow
20161005_no9_4,00:26:18,00:26:28,search
20161005_no9_4,00:26:28,00:26:49,shallow
20161005_no9_4,00:26:49,00:27:02,search
20161005_no9_4,00:27:02,00:27:24,shallow
20161005_no9_4,00:27:24,00:27:41,search
20161005_no9_4,00:27:41,00:28:00,shallow
20161005_no9_4,00:28:00,00:28:08,search
20161005_no9_4,00:28:08,00:28:23,shallow
20161005_no9_4,00:28:23,00:28:30,search
20161005_no9_4,00:28:30,00:28:45,shallow
20161005_no9_4,00:28:45,00:28:52,search
20161005_no9_4,00:28:52,00:29:08,subsurface
20161005_no9_4,00:29:08,00:29:15,search
20161005_no9_4,00:29:15,00:29:32,subsurface
20161005_no9_4,00:29:32,00:29:39,search
20161005_no9_4,00:29:39,00:29:48,subsurface
20161005_no9_4,00:29:48,00:30:29,search
20161005_no9_4,00:30:29,00:30:41,shallow
20161005_no9_4,00:30:41,00:31:37,search
20161005_no9_4,00:31:37,00:31:51,descent
20161005_no9_4,00:31:51,00:32:00,bottom
20161005_no9_4,00:32:00,00:32:12,ascent
20161005_no9_4,00:32:12,00:32:31,search
20161005_no9_4,00:32:31,00:32:38,shallow
20161005_no9_4,00:32:38,00:32:55,search
20161005_no9_4,00:32:55,00:33:20,shallow
20161005_no9_4,00:33:20,00:33:21,search
20161005_no9_4,00:33:21,00:33:26,subsurface
20161005_no9_4,00:33:26,00:33:35,search
20161005_no9_4,00:33:35,00:33:41,subsurface
20161005_no9_4,00:33:41,00:33:43,search
20161014_no8_1,00:00:00,00:00:24,subsurface
20161014_no8_1,00:00:24,00:00:25,breath
20161014_no8_1,00:00:25,00:00:37,subsurface
20161014_no8_1,00:00:37,00:00:39,breath
20161014_no8_1,00:00:39,00:01:01,subsurface
20161014_no8_1,00:01:01,00:01:24,search
20161014_no8_1,00:01:24,00:01:57,shallow
20161014_no8_1,00:01:57,00:02:06,search
20161014_no8_1,00:02:06,00:02:41,shallow
20161014_no8_1,00:02:41,00:03:24,search
20161014_no8_1,00:03:24,00:04:03,shallow
20161014_no8_1,00:04:03,00:05:34,search
20161014_no8_1,00:05:34,00:06:18,descent
20161014_no8_1,00:06:18,00:06:28,bottom
20161014_no8_1,00:06:28,00:07:19,ascent
20161014_no8_1,00:07:19,00:07:33,search
20161014_no8_1,00:07:33,00:08:01,shallow
20161014_no8_1,00:08:01,00:08:13,search
20161014_no8_1,00:08:13,00:08:49,shallow
20161014_no8_1,00:08:49,00:08:55,search
20161014_no8_1,00:08:55,00:09:21,shallow
20161014_no8_1,00:09:21,00:09:38,search
20161014_no8_1,00:09:38,00:10:02,shallow
20161014_no8_1,00:10:02,00:10:05,breath
20161014_no8_1,00:10:05,00:10:10,shallow
20161014_no8_1,00:10:10,00:10:29,search
20161014_no8_1,00:10:29,00:11:12,descent
20161014_no8_1,00:11:12,00:11:48,ascent
20161014_no8_1,00:11:48,00:12:21,search
20161014_no8_1,00:12:21,00:13:02,descent
20161014_no8_1,00:13:02,00:13:23,bottom
20161014_no8_1,00:13:23,00:13:53,ascent
20161014_no8_1,00:13:53,00:14:27,search
20161014_no8_1,00:14:27,00:14:59,descent
20161014_no8_1,00:14:59,00:15:25,bottom
20161014_no8_1,00:15:25,00:16:02,ascent
20161014_no8_1,00:16:02,00:16:44,search
20161014_no8_1,00:16:44,00:17:07,shallow
20161014_no8_1,00:17:07,00:17:26,search
20161014_no8_1,00:17:26,00:18:12,descent
20161014_no8_1,00:18:12,00:18:34,bottom
20161014_no8_1,00:18:34,00:19:11,ascent
20161014_no8_1,00:19:11,00:19:24,search
20161014_no8_1,00:19:24,00:19:42,shallow
20161014_no8_1,00:19:42,00:19:43,breath
20161014_no8_1,00:19:43,00:19:50,shallow
20161014_no8_1,00:19:50,00:19:51,breath
20161014_no8_1,00:19:51,00:19:55,subsurface
20161014_no8_1,00:19:55,00:19:55,breath
20161014_no8_1,00:19:55,00:19:59,subsurface
20161014_no8_1,00:19:59,00:20:00,breath
20161014_no8_1,00:20:00,00:20:07,subsurface
20161014_no8_1,00:20:07,00:20:09,search
20161014_no8_1,00:20:09,00:20:18,shallow
20161014_no8_1,00:20:18,00:20:21,search
20161014_no8_1,00:20:21,00:20:36,shallow
20161014_no8_1,00:20:36,00:20:38,breath
20161014_no8_1,00:20:38,00:20:49,shallow
20161014_no8_1,00:20:49,00:20:51,breath
20161014_no8_1,00:20:51,00:21:05,shallow
20161014_no8_1,00:21:05,00:21:09,search
20161014_no8_1,00:21:09,00:21:23,shallow
20161014_no8_1,00:21:23,00:27:42,search
20161014_no8_1,00:27:42,00:28:01,descent
20161014_no8_1,00:28:01,00:28:05,bottom
20161014_no8_1,00:28:05,00:28:14,ascent
20161014_no8_1,00:28:14,00:28:18,search
20161014_no8_1,00:28:18,00:28:28,shallow
20161014_no8_1,00:28:28,00:28:52,search
20161014_no8_1,00:28:52,00:29:29,descent
20161014_no8_1,00:29:29,00:29:52,bottom
20161014_no8_1,00:29:52,00:30:00,ascent
20161014_no8_2,00:00:00,00:00:28,ascent
20161014_no8_2,00:00:28,00:00:49,search
20161014_no8_2,00:00:49,00:00:58,shallow
20161014_no8_2,00:00:58,00:01:05,search
20161014_no8_2,00:01:05,00:01:21,shallow
20161014_no8_2,00:01:21,00:01:56,search
20161014_no8_2,00:01:56,00:02:45,descent
20161014_no8_2,00:02:45,00:03:00,bottom
20161014_no8_2,00:03:00,00:03:34,ascent
20161014_no8_2,00:03:34,00:04:07,search
20161014_no8_2,00:04:07,00:04:28,shallow
20161014_no8_2,00:04:28,00:04:59,search
20150807_no8B_1,00:00:00,00:00:15,shallow
20150807_no8B_1,00:00:15,00:00:53,search
20150807_no8B_1,00:00:53,00:01:10,descent
20150807_no8B_1,00:01:10,00:01:46,bottom
20150807_no8B_1,00:01:46,00:02:03,ascent
20150807_no8B_1,00:02:03,00:02:04,breath
20150807_no8B_1,00:02:04,00:02:08,subsurface
20150807_no8B_1,00:02:08,00:02:16,search
20150807_no8B_1,00:02:16,00:02:47,descent
20150807_no8B_1,00:02:47,00:03:05,bottom
20150807_no8B_1,00:03:05,00:03:18,ascent
20150807_no8B_1,00:03:18,00:03:20,search
20150807_no8B_1,00:03:20,00:03:28,subsurface
20150807_no8B_1,00:03:28,00:03:29,breath
20150807_no8B_1,00:03:29,00:04:05,shallow
20150807_no8B_1,00:04:05,00:04:07,breath
20150807_no8B_1,00:04:07,00:04:15,subsurface
20150807_no8B_1,00:04:15,00:04:55,subsurface
20150807_no8B_1,00:04:55,00:04:55,breath
20150807_no8B_1,00:04:55,00:05:03,subsurface
20150807_no8B_1,00:05:03,00:05:04,breath
20150807_no8B_1,00:05:04,00:05:25,subsurface
20150807_no8B_1,00:05:25,00:05:26,breath
20150807_no8B_1,00:05:26,00:05:48,subsurface
20150807_no8B_1,00:05:48,00:05:51,search
20150807_no8B_1,00:05:51,00:05:57,subsurface
20150807_no8B_1,00:05:57,00:06:01,search
20150807_no8B_1,00:06:01,00:06:32,shallow
20150807_no8B_1,00:06:32,00:06:38,search
20150807_no8B_1,00:06:38,00:07:20,shallow
20150807_no8B_1,00:07:20,00:07:32,search
20150807_no8B_1,00:07:32,00:07:45,shallow
20150807_no8B_1,00:07:45,00:07:55,descent
20150807_no8B_1,00:07:55,00:08:15,bottom
20150807_no8B_1,00:08:15,00:08:41,ascent
20150807_no8B_1,00:08:41,00:08:57,search
20150807_no8B_1,00:08:57,00:09:31,descent
20150807_no8B_1,00:09:31,00:09:51,bottom
20150807_no8B_1,00:09:51,00:10:26,ascent
20150807_no8B_1,00:10:26,00:10:29,breath
20150807_no8B_1,00:10:29,00:10:32,subsurface
20150807_no8B_1,00:10:32,00:10:44,search
20150807_no8B_1,00:10:44,00:11:22,descent
20150807_no8B_1,00:11:22,00:11:43,bottom
20150807_no8B_1,00:11:43,00:12:17,ascent
20150807_no8B_1,00:12:17,00:12:36,search
20150807_no8B_1,00:12:36,00:13:04,shallow
20150807_no8B_1,00:13:04,00:13:15,search
20150807_no8B_1,00:13:15,00:13:53,shallow
20150807_no8B_1,00:13:53,00:14:03,search
20150807_no8B_1,00:14:03,00:14:22,descent
20150807_no8B_1,00:14:22,00:14:44,bottom
20150807_no8B_1,00:14:44,00:15:09,ascent
20150807_no8B_1,00:15:09,00:15:27,search
20150807_no8B_1,00:15:27,00:16:31,descent
20150807_no8B_1,00:16:31,00:17:06,ascent
20150807_no8B_1,00:17:06,00:17:25,search
20150807_no8B_1,00:17:25,00:17:58,descent
20150807_no8B_1,00:17:58,00:18:20,bottom
20150807_no8B_1,00:18:20,00:18:52,ascent
20150807_no8B_1,00:18:52,00:19:01,search
20150807_no8B_1,00:19:01,00:19:34,shallow
20150807_no8B_1,00:19:34,00:19:51,search
20150807_no8B_1,00:19:51,00:20:31,descent
20150807_no8B_1,00:20:31,00:20:56,search
20150807_no8B_1,00:20:56,00:21:37,ascent
20150807_no8B_1,00:21:37,00:21:51,search
20150807_no8B_1,00:21:51,00:21:54,subsurface
20150807_no8B_1,00:21:54,00:21:55,breath
20150807_no8B_1,00:21:55,00:22:21,shallow
20150807_no8B_1,00:22:21,00:22:27,search
20150807_no8B_1,00:22:27,00:23:05,shallow
20150807_no8B_1,00:23:05,00:23:06,breath
20150807_no8B_1,00:23:06,00:23:16,subsurface
20150807_no8B_1,00:23:16,00:23:17,breath
20150807_no8B_1,00:23:17,00:23:37,subsurface
20150807_no8B_1,00:23:37,00:23:39,search
20150807_no8B_1,00:23:39,00:24:02,subsurface
20150807_no8B_1,00:24:02,00:24:07,search
20150807_no8B_1,00:24:07,00:24:22,shallow
20150807_no8B_1,00:24:22,00:24:24,breath
20150807_no8B_1,00:24:24,00:24:40,subsurface
20150807_no8B_1,00:24:40,00:24:51,search
20150807_no8B_1,00:24:51,00:25:15,shallow
20150807_no8B_1,00:25:15,00:25:18,descent
20150807_no8B_1,00:25:18,00:25:44,bottom
20150807_no8B_1,00:25:44,00:26:00,ascent
20150807_no8B_1,00:26:00,00:26:07,search
20150807_no8B_1,00:26:07,00:26:09,subsurface
20150820_no8B_1,00:00:00,00:00:45,ascent
20150820_no8B_1,00:00:45,00:00:59,search
20150820_no8B_1,00:00:59,00:01:12,subsurface
20150820_no8B_1,00:01:12,00:01:18,search
20150820_no8B_1,00:01:18,00:01:32,subsurface
20150820_no8B_1,00:01:32,00:01:54,search
20150820_no8B_1,00:01:54,00:02:43,descent
20150820_no8B_1,00:01:54,00:03:32,ascent
20150820_no8B_1,00:03:32,00:03:52,search
20150820_no8B_1,00:03:52,00:05:32,search
20150820_no8B_1,00:05:32,00:05:52,search
20150820_no8B_1,00:05:52,00:07:28,search
20150820_no8B_1,00:07:28,00:07:31,breath
20150820_no8B_1,00:07:31,00:07:35,subsurface
20150820_no8B_1,00:07:35,00:07:50,search
20150820_no8B_1,00:07:50,00:09:23,shallow
20150820_no8B_1,00:09:23,00:09:46,search
20150820_no8B_1,00:09:46,00:11:26,search
20150820_no8B_1,00:11:26,00:11:29,search
20150820_no8B_1,00:11:29,00:11:33,subsurface
20150820_no8B_1,00:11:33,00:11:56,search
20150820_no8B_1,00:11:56,00:13:28,search
20150820_no8B_1,00:13:28,00:13:54,search
20150820_no8B_1,00:13:54,00:15:54,search
20150820_no8B_1,00:15:54,00:15:56,breath
20150820_no8B_1,00:15:56,00:16:02,subsurface
20150820_no8B_1,00:16:02,00:16:03,breath
20150820_no8B_1,00:16:03,00:16:08,subsurface
20150820_no8B_1,00:16:08,00:16:16,search
20150820_no8B_1,00:16:16,00:16:37,subsurface
20150820_no8B_1,00:16:37,00:16:38,breath
20150820_no8B_1,00:16:38,00:16:52,subsurface
20150820_no8B_1,00:16:52,00:16:53,breath
20150820_no8B_1,00:16:53,00:17:08,subsurface
20150820_no8B_1,00:17:08,00:17:09,breath
20150820_no8B_1,00:17:09,00:17:23,subsurface
20150820_no8B_1,00:17:23,00:17:26,search
20150820_no8B_1,00:17:26,00:17:56,shallow
20150820_no8B_1,00:17:56,00:17:59,breath
20150820_no8B_1,00:17:59,00:18:07,subsurface
20150820_no8B_1,00:18:07,00:18:21,search
20150820_no8B_1,00:18:21,00:18:54,subsurface
20150820_no8B_1,00:18:54,00:18:56,breath
20150820_no8B_1,00:18:56,00:19:15,subsurface
20150820_no8B_1,00:19:15,00:19:18,breath
20150820_no8B_1,00:19:18,00:19:34,subsurface
20150820_no8B_1,00:19:34,00:19:36,breath
20150820_no8B_1,00:19:36,00:19:58,subsurface
20150820_no8B_1,00:19:58,00:20:06,search
20150820_no8B_1,00:20:06,00:20:27,shallow
20150820_no8B_1,00:20:27,00:20:31,search
20150820_no8B_1,00:20:31,00:20:46,subsurface
20150820_no8B_1,00:20:46,00:20:51,search
20150820_no8B_1,00:20:51,00:21:11,shallow
20150820_no8B_1,00:21:11,00:21:14,breath
20150820_no8B_1,00:21:14,00:21:29,shallow
20150820_no8B_1,00:21:29,00:21:31,breath
20150820_no8B_1,00:21:31,00:21:45,shallow
20150820_no8B_1,00:21:45,00:21:47,breath
20150820_no8B_1,00:21:47,00:21:50,subsurface
20150820_no8B_1,00:21:50,00:21:51,breath
20150820_no8B_1,00:21:51,00:22:03,shallow
20150820_no8B_1,00:22:03,00:22:08,search
20150820_no8B_1,00:22:08,00:22:30,shallow
20150820_no8B_1,00:22:30,00:22:31,breath
20150820_no8B_1,00:22:31,00:22:41,shallow
20150820_no8B_1,00:22:41,00:22:44,search
20150820_no8B_1,00:22:44,00:23:12,shallow
20150820_no8B_1,00:23:12,00:23:21,search
20150820_no8B_1,00:23:21,00:23:51,shallow
20150820_no8B_1,00:23:51,00:23:59,search
20150820_no8B_1,00:23:59,00:24:29,shallow
20150820_no8B_1,00:24:29,00:24:38,search
20150820_no8B_1,00:24:38,00:24:54,shallow
20150820_no8B_1,00:24:54,00:25:00,search
20150820_no8B_1,00:25:00,00:25:20,shallow
20150820_no8B_1,00:25:20,00:25:21,breath
20150820_no8B_1,00:25:21,00:25:41,shallow
20150820_no8B_1,00:25:41,00:25:49,search
20150820_no8B_1,00:25:49,00:26:15,shallow
20150820_no8B_1,00:26:15,00:26:23,search
20150820_no8B_1,00:26:23,00:26:34,shallow
20150820_no8B_1,00:26:34,00:26:37,search
20150820_no8B_1,00:26:37,00:26:50,shallow
20150820_no8B_1,00:26:50,00:26:50,breath
20150820_no8B_1,00:26:50,00:26:51,subsurface
20150820_no8B_1,00:26:51,00:26:52,breath
20150820_no8B_1,00:26:52,00:27:03,shallow
20150820_no8B_1,00:27:03,00:27:03,breath
20150820_no8B_1,00:27:03,00:27:26,shallow
20150820_no8B_1,00:27:26,00:27:36,search
20150820_no8B_1,00:27:36,00:27:53,shallow
20150820_no8B_1,00:27:53,00:27:55,breath
20150820_no8B_1,00:27:55,00:28:33,shallow
20150820_no8B_1,00:28:33,00:28:38,search
20150820_no8B_1,00:28:38,00:29:10,shallow
20150820_no8B_1,00:29:10,00:29:16,search
20150820_no8B_1,00:29:16,00:29:36,shallow
20150820_no8B_1,00:29:36,00:29:37,breath
20150820_no8B_1,00:29:37,00:30:00,shallow
20150820_no8B_2,00:00:00,00:00:08,search
20150820_no8B_2,00:00:08,00:00:41,shallow
20150820_no8B_2,00:00:41,00:00:50,search
20150820_no8B_2,00:00:50,00:01:06,shallow
20150820_no8B_2,00:01:06,00:01:09,search
20150820_no8B_2,00:01:09,00:01:50,shallow
20150820_no8B_2,00:01:50,00:01:58,search
20150820_no8B_2,00:01:58,00:02:43,shallow
20150820_no8B_2,00:02:43,00:02:51,search
20150820_no8B_2,00:02:51,00:03:24,shallow
20150820_no8B_2,00:03:24,00:03:31,search
20150820_no8B_2,00:03:31,00:03:46,shallow
20150820_no8B_2,00:03:46,00:03:49,search
20150820_no8B_2,00:03:49,00:04:10,shallow
20150820_no8B_2,00:04:10,00:04:16,search
20150820_no8B_2,00:04:16,00:04:44,shallow
20150820_no8B_3,00:00:00,00:00:14,descent
20150820_no8B_3,00:00:14,00:00:50,bottom
20150820_no8B_3,00:00:50,00:01:16,ascent
20150820_no8B_3,00:01:16,00:01:58,search
20150820_no8B_3,00:01:58,00:02:28,descent
20150820_no8B_3,00:02:28,00:02:52,bottom
20150820_no8B_3,00:02:52,00:03:17,ascent
20150820_no8B_3,00:03:17,00:03:38,search
20150820_no8B_3,00:03:38,00:04:05,shallow
20150820_no8B_3,00:04:05,00:04:37,search
20150820_no8B_3,00:04:37,00:05:00,descent
20150820_no8B_3,00:05:00,00:05:44,bottom
20150820_no8B_3,00:05:44,00:06:09,ascent
20150820_no8B_3,00:06:09,00:06:54,search
20150820_no8B_3,00:06:54,00:07:15,descent
20150820_no8B_3,00:07:15,00:07:48,bottom
20150820_no8B_3,00:07:48,00:08:14,ascent
20150820_no8B_3,00:08:14,00:08:53,search
20150820_no8B_3,00:08:53,00:09:27,descent
20150820_no8B_3,00:09:27,00:09:54,bottom
20150820_no8B_3,00:09:54,00:10:24,ascent
20150820_no8B_3,00:10:24,00:11:10,search
20150820_no8B_3,00:11:10,00:11:43,descent
20150820_no8B_3,00:11:43,00:12:10,bottom
20150820_no8B_3,00:12:10,00:12:36,ascent
20150820_no8B_3,00:12:36,00:13:22,search
20150820_no8B_3,00:13:22,00:13:51,descent
20150820_no8B_3,00:13:51,00:14:17,bottom
20150820_no8B_3,00:14:17,00:14:52,ascent
20150820_no8B_3,00:14:52,00:15:28,search
20150820_no8B_3,00:15:28,00:16:23,shallow
20150820_no8B_3,00:16:23,00:17:00,search
20150820_no8B_3,00:17:00,00:17:28,descent
20150820_no8B_3,00:17:28,00:18:01,bottom
20150820_no8B_3,00:18:01,00:18:26,ascent
20150820_no8B_3,00:18:26,00:19:00,search
20150820_no8B_3,00:19:00,00:19:30,descent
20150820_no8B_3,00:19:30,00:19:54,bottom
20150820_no8B_3,00:19:54,00:20:24,ascent
20150820_no8B_3,00:20:24,00:21:08,search
20150820_no8B_3,00:21:08,00:21:31,descent
20150820_no8B_3,00:21:31,00:21:56,bottom
20150820_no8B_3,00:21:56,00:22:22,ascent
20150820_no8B_3,00:22:22,00:23:10,search
20150820_no8B_3,00:23:10,00:23:46,descent
20150820_no8B_3,00:23:46,00:24:12,bottom
20150820_no8B_3,00:24:12,00:24:42,ascent
20150820_no8B_3,00:24:42,00:25:20,search
20150820_no8B_3,00:25:20,00:25:54,descent
20150820_no8B_3,00:25:54,00:26:18,bottom
20150820_no8B_3,00:26:18,00:26:48,ascent
20150820_no8B_3,00:26:48,00:26:54,search
20150820_no8B_3,00:26:54,00:27:24,shallow
20150820_no8B_3,00:27:24,00:27:33,search
20150820_no8B_3,00:27:33,00:27:50,shallow
20150820_no8B_3,00:27:50,00:28:23,search
20150820_no9W_1,00:00:00,00:23:37,search
20150820_no9W_1,00:23:37,00:24:04,search
20150820_no9W_1,00:24:04,00:25:00,shallow
20150820_no9W_1,00:25:00,00:25:16,search
20150820_no9W_1,00:25:16,00:26:39,search
20150820_no9W_1,00:26:39,00:26:58,search
20150820_no9W_1,00:26:58,00:28:24,search
20150820_no9W_1,00:28:24,00:28:46,search
20150820_no9W_1,00:28:46,00:29:52,shallow
20150820_no9W_1,00:29:52,00:30:06,search
20150820_no9W_2,00:01:31,00:01:59,search
20150820_no9W_2,00:01:59,00:02:16,descent
20150820_no9W_2,00:02:16,00:02:58,search
20150820_no9W_2,00:02:58,00:03:24,ascent
20150820_no9W_2,00:03:24,00:03:49,search
20150820_no9W_2,00:03:49,00:04:08,descent
20150820_no9W_2,00:04:08,00:05:00,search
20150820_no9W_3,00:00:00,00:05:21,search
20150820_no9W_3,00:05:21,00:05:48,subsurface
20150820_no9W_3,00:05:48,00:06:04,search
20150820_no9W_3,00:06:04,00:06:39,shallow
20150820_no9W_3,00:06:39,00:06:52,search
20150820_no9W_3,00:06:52,00:07:31,shallow
20150820_no9W_3,00:07:31,00:07:56,search
20150820_no9W_3,00:07:56,00:08:48,shallow
20150820_no9W_3,00:08:48,00:09:07,search
20150820_no9W_3,00:09:07,00:10:04,shallow
20150820_no9W_3,00:10:04,00:10:16,search
20150820_no9W_3,00:10:16,00:11:00,shallow
20150820_no9W_3,00:11:00,00:11:25,search
20150820_no9W_3,00:11:25,00:12:03,descent
20150820_no9W_3,00:12:03,00:12:20,bottom
20150820_no9W_3,00:12:20,00:12:51,ascent
20150820_no9W_3,00:12:51,00:13:17,search
20150820_no9W_3,00:13:17,00:13:40,descent
20150820_no9W_3,00:13:40,00:13:57,bottom
20150820_no9W_3,00:13:57,00:14:15,ascent
20150820_no9W_3,00:14:15,00:14:33,search
20150820_no9W_3,00:14:33,00:15:28,shallow
20150820_no9W_3,00:15:28,00:15:40,search
20150820_no9W_3,00:15:40,00:16:09,shallow
20150820_no9W_3,00:16:09,00:16:29,search
20150820_no9W_3,00:16:29,00:17:15,shallow
20150820_no9W_3,00:17:15,00:17:31,search
20150820_no9W_3,00:17:31,00:17:47,descent
20150820_no9W_3,00:17:47,00:18:17,bottom
20150820_no9W_3,00:18:17,00:18:35,ascent
20150820_no9W_3,00:18:35,00:18:38,search
20150820_no9W_3,00:18:38,00:18:42,subsurface
20150820_no9W_3,00:18:42,00:18:54,search
20150820_no9W_3,00:18:54,00:19:13,descent
20150827_no8B_1,00:00:00,00:00:08,subsurface
20150827_no8B_1,00:00:08,00:00:13,search
20150827_no8B_1,00:00:13,00:00:45,shallow
20150827_no8B_1,00:00:45,00:00:46,breath
20150827_no8B_1,00:00:46,00:00:58,subsurface
20150827_no8B_1,00:00:58,00:00:59,breath
20150827_no8B_1,00:00:59,00:01:10,subsurface
20150827_no8B_1,00:01:10,00:01:13,search
20150827_no8B_1,00:01:13,00:02:03,shallow
20150827_no8B_1,00:02:03,00:02:04,breath
20150827_no8B_1,00:02:04,00:02:19,shallow
20150827_no8B_1,00:02:19,00:02:20,breath
20150827_no8B_1,00:02:20,00:02:31,shallow
20150827_no8B_1,00:02:31,00:02:32,search
20150827_no8B_1,00:02:32,00:02:44,shallow
20150827_no8B_1,00:02:44,00:02:46,search
20150827_no8B_1,00:02:46,00:02:57,shallow
20150827_no8B_1,00:02:57,00:03:08,search
20150827_no8B_1,00:03:08,00:03:52,shallow
20150827_no8B_1,00:03:52,00:04:04,search
20150827_no8B_1,00:04:04,00:04:57,search
20150827_no8B_1,00:04:57,00:05:10,search
20150827_no8B_1,00:05:10,00:06:05,search
20150827_no8B_1,00:06:05,00:06:20,search
20150827_no8B_1,00:06:20,00:07:13,shallow
20150827_no8B_1,00:07:13,00:07:15,search
20150827_no8B_1,00:07:15,00:07:28,shallow
20150827_no8B_1,00:07:28,00:07:41,search
20150827_no8B_1,00:07:41,00:08:25,shallow
20150827_no8B_1,00:08:25,00:08:38,search
20150827_no8B_1,00:08:38,00:09:34,shallow
20150827_no8B_1,00:09:34,00:09:51,search
20150827_no8B_1,00:09:51,00:10:10,descent
20150827_no8B_1,00:10:10,00:10:21,bottom
20150827_no8B_1,00:10:21,00:10:29,ascent
20150827_no8B_1,00:10:29,00:10:31,search
20150827_no8B_1,00:10:31,00:11:07,shallow
20150827_no8B_1,00:11:07,00:12:03,search
20150827_no8B_1,00:12:03,00:12:40,descent
20150827_no8B_1,00:12:40,00:13:06,ascent
20150827_no8B_1,00:13:06,00:13:21,search
20150827_no8B_1,00:13:21,00:13:55,descent
20150827_no8B_1,00:13:55,00:14:04,bottom
20150827_no8B_1,00:14:04,00:14:20,ascent
20150827_no8B_1,00:14:20,00:14:50,search
20150827_no8B_1,00:14:50,00:15:10,descent
20150827_no8B_1,00:15:10,00:15:35,bottom
20150827_no8B_1,00:15:35,00:15:55,ascent
20150827_no8B_1,00:15:55,00:16:04,search
20150827_no8B_1,00:16:04,00:16:14,subsurface
20150827_no8B_1,00:16:14,00:16:34,search
20150827_no8B_1,00:16:34,00:16:50,descent
20150827_no8B_1,00:16:50,00:17:19,bottom
20150827_no8B_1,00:17:19,00:17:36,ascent
20150827_no8B_1,00:17:36,00:17:38,breath
20150827_no8B_1,00:17:38,00:18:00,shallow
20150827_no8B_1,00:18:00,00:19:13,search
20150827_no8B_1,00:19:13,00:19:23,subsurface
20150827_no8B_1,00:19:23,00:19:44,search
20150827_no8B_1,00:19:44,00:20:15,descent
20150827_no8B_1,00:20:15,00:20:45,bottom
20150827_no8B_1,00:20:45,00:21:11,ascent
20150827_no8B_1,00:21:11,00:21:39,search
20150827_no8B_1,00:21:39,00:22:00,descent
20150827_no8B_1,00:22:00,00:22:24,bottom
20150827_no8B_1,00:22:24,00:22:36,ascent
20150827_no8B_1,00:22:36,00:22:40,search
20150827_no8B_1,00:22:40,00:22:42,subsurface
20150827_no8B_1,00:22:42,00:23:02,search
20150827_no8B_1,00:23:02,00:23:08,subsurface
20150827_no8B_1,00:23:08,00:23:22,search
20150827_no8B_1,00:23:22,00:23:50,descent
20150827_no8B_1,00:23:50,00:24:07,bottom
20150827_no8B_1,00:24:07,00:24:29,ascent
20150827_no8B_1,00:24:29,00:24:42,search
20150827_no8B_1,00:24:42,00:24:51,subsurface
20150827_no8B_1,00:24:51,00:24:52,search
20150827_no8B_1,00:24:52,00:24:59,subsurface
20150827_no8B_1,00:24:59,00:25:20,search
20150827_no8B_1,00:25:20,00:25:23,subsurface
20150827_no8B_1,00:25:23,00:25:25,search
20150827_no8B_1,00:25:25,00:25:43,descent
20150827_no8B_1,00:25:43,00:25:51,bottom
20150827_no8B_1,00:25:51,00:26:10,ascent
20150827_no8B_1,00:26:10,00:26:23,search
20150827_no8B_1,00:26:23,00:26:44,descent
20150827_no8B_1,00:26:44,00:27:09,bottom
20150827_no8B_1,00:27:09,00:27:37,ascent
20150827_no8B_1,00:27:37,00:28:10,search
20150827_no8B_1,00:28:10,00:28:44,descent
20150827_no8B_1,00:28:44,00:28:54,bottom
20150827_no8B_1,00:28:54,00:29:20,ascent
20150827_no8B_1,00:29:20,00:29:40,search
20150827_no8B_1,00:29:40,00:30:00,descent
20150827_no8B_2,00:00:00,00:00:10,bottom
20150827_no8B_2,00:00:10,00:00:34,ascent
20150827_no8B_2,00:00:34,00:00:56,search
20150827_no8B_2,00:00:56,00:01:18,descent
20150827_no8B_2,00:01:18,00:01:10,bottom
20150827_no8B_2,00:01:10,00:02:14,ascent
20150827_no8B_2,00:02:14,00:02:17,search
20150827_no8B_2,00:02:17,00:02:19,subsurface
20150827_no8B_2,00:02:19,00:02:19,breath
20150827_no8B_2,00:02:19,00:02:22,subsurface
20150827_no8B_2,00:02:22,00:02:23,breath
20150827_no8B_2,00:02:23,00:02:26,subsurface
20150827_no8B_2,00:02:26,00:02:31,search
20150827_no8B_2,00:02:31,00:02:34,subsurface
20150827_no8B_2,00:02:34,00:02:45,search
20150827_no8B_2,00:02:45,00:03:03,descent
20150827_no8B_2,00:03:03,00:03:07,bottom
20150827_no8B_2,00:03:07,00:03:29,ascent
20150827_no8B_2,00:03:29,00:04:07,search
20150827_no8B_2,00:04:07,00:04:26,descent
20150827_no8B_2,00:04:26,00:04:39,bottom
20150827_no8B_2,00:04:39,00:04:42,ascent
20150827_no8B_3,00:00:00,00:00:20,bottom
20150827_no8B_3,00:00:20,00:01:02,ascent
20150827_no8B_3,00:01:02,00:02:00,search
20150827_no8B_3,00:02:00,00:02:43,descent
20150827_no8B_3,00:02:43,00:02:59,bottom
20150827_no8B_3,00:02:59,00:03:38,ascent
20150827_no8B_3,00:03:38,00:04:23,search
20150827_no8B_3,00:04:23,00:05:00,descent
20150827_no8B_3,00:05:00,00:05:21,bottom
20150827_no8B_3,00:05:21,00:06:01,ascent
20150827_no8B_3,00:06:01,00:06:05,search
20150827_no8B_3,00:06:05,00:06:11,subsurface
20150827_no8B_3,00:06:11,00:06:13,search
20150827_no8B_3,00:06:13,00:06:19,subsurface
20150827_no8B_3,00:06:19,00:06:52,search
20150827_no8B_3,00:06:52,00:07:50,descent
20150827_no8B_3,00:07:50,00:08:02,bottom
20150827_no8B_3,00:08:02,00:08:37,ascent
20150827_no8B_3,00:08:37,00:09:24,search
20150827_no8B_3,00:09:24,00:09:55,descent
20150827_no8B_3,00:09:55,00:10:15,bottom
20150827_no8B_3,00:10:15,00:11:05,ascent
20150827_no8B_3,00:11:05,00:11:07,breath
20150827_no8B_3,00:11:07,00:11:13,subsurface
20150827_no8B_3,00:11:13,00:11:17,search
20150827_no8B_3,00:11:17,00:11:36,shallow
20150827_no8B_3,00:11:36,00:12:03,search
20150827_no8B_3,00:12:03,00:12:38,descent
20150827_no8B_3,00:12:38,00:12:59,bottom
20150827_no8B_3,00:12:59,00:13:41,ascent
20150827_no8B_3,00:13:41,00:13:56,search
20150827_no8B_3,00:13:56,00:14:06,subsurface
20150827_no8B_3,00:14:06,00:14:14,search
20150827_no8B_3,00:14:14,00:14:34,shallow
20150827_no8B_3,00:14:34,00:15:03,search
20150827_no8B_3,00:15:03,00:15:46,descent
20150827_no8B_3,00:15:46,00:16:08,bottom
20150827_no8B_3,00:16:08,00:16:46,ascent
20150827_no8B_3,00:16:46,00:17:42,search
20150827_no8B_3,00:17:42,00:18:29,descent
20150827_no8B_3,00:18:29,00:18:52,bottom
20150827_no8B_3,00:18:52,00:19:31,ascent
20150827_no8B_3,00:19:31,00:19:51,search
20150827_no8B_3,00:19:51,00:20:06,subsurface
20150827_no8B_3,00:20:06,00:21:08,search
20150827_no8B_3,00:21:08,00:21:52,descent
20150827_no8B_3,00:21:52,00:22:08,bottom
20150827_no8B_3,00:22:08,00:22:54,ascent
20150827_no8B_3,00:22:54,00:23:01,search
20150827_no8B_3,00:23:01,00:23:14,subsurface
20150827_no8B_3,00:23:14,00:23:23,search
20150827_no8B_3,00:23:23,00:23:36,subsurface
20150827_no8B_3,00:23:36,00:24:06,search
20150827_no8B_3,00:24:06,00:24:59,descent
20150827_no8B_3,00:24:59,00:25:04,bottom
20150827_no8B_3,00:25:04,00:25:54,ascent
20150827_no8B_3,00:25:54,00:26:01,search
20150827_no8B_3,00:26:01,00:26:03,subsurface
20150827_no8B_3,00:26:03,00:26:26,search
20150827_no8B_3,00:26:26,00:26:33,subsurface
20150827_no8B_3,00:26:33,00:27:00,search