,dt_duration_seconds,dt_end,dt_start,fit_batch_size,fit_num_classes,fit_num_epochs,fit_stopped_early,fit_stopper_patience,fit_test_acc,fit_train_acc,fit_train_loss,fit_val_acc,fit_val_loss,id,model_architecture,model_dropout,model_layer_1_sizefactor,model_layer_2_sizefactor,model_layer_3_sizefactor,model_num_features,model_sequence_length,param_count,pretrained_model_name,pretrained_model_pooling,shape_x_test,shape_y_train
114,155,2018-12-16 19:15:04,2018-12-16 19:12:29,32,2,14,True,5,0.822742474916388,0.9207454433749744,0.21411628626666912,0.9452411992453534,0.192172565524576,245,MLP,0.2,8,4,4,1536,3,3983618,inception_resnet_v2,avg,"(299, 3, 1536)","(9766, 2)"
247,829,2018-12-16 22:20:45,2018-12-16 22:06:55,32,2,35,True,10,0.9230769230769231,0.9205406512389924,0.2128671660817917,0.9448066058753626,0.21216168857201034,273,LSTM,0.2,1,4,0,1536,3,19471490,inception_resnet_v2,avg,"(299, 3, 1536)","(9766, 2)"
37,734,2018-12-16 23:24:46,2018-12-16 23:12:32,32,2,28,True,10,0.862876254180602,0.910301044427687,0.2387816987942409,0.9430682309706903,0.22584207593643474,281,LSTM,0.2,1,8,0,1536,3,19176002,inception_resnet_v2,avg,"(299, 3, 1536)","(9766, 2)"
88,794,2018-12-16 21:03:18,2018-12-16 20:50:04,32,2,35,True,10,0.8729096989966555,0.9180831456194153,0.2144395112014808,0.9413298565840938,0.18751853135702196,263,LSTM,0.2,1,0,8,1536,3,18883586,inception_resnet_v2,avg,"(299, 3, 1536)","(9766, 2)"
262,126,2018-12-16 17:37:25,2018-12-16 17:35:18,32,2,16,True,5,0.9297658862876255,0.9296539012901904,0.1938077149908519,0.9408952629809688,0.18858883157210576,185,MLP,0.2,2,8,0,1536,3,3687746,inception_resnet_v2,avg,"(299, 3, 1536)","(9766, 2)"
268,121,2018-12-16 17:22:01,2018-12-16 17:19:59,32,2,13,True,5,0.9297658862876255,0.9137825107393805,0.23580163926002118,0.940460669092902,0.2540042516668171,175,MLP,0.2,2,2,8,1536,3,4278338,inception_resnet_v2,avg,"(299, 3, 1536)","(9766, 2)"
231,96,2018-12-16 17:25:50,2018-12-16 17:24:14,32,2,10,True,5,0.9096989966555185,0.9132705303994256,0.235833885488807,0.940026075619296,0.21658391798516555,177,MLP,0.2,2,4,0,1536,3,3835778,inception_resnet_v2,avg,"(299, 3, 1536)","(9766, 2)"
144,542,2018-12-16 22:37:01,2018-12-16 22:27:59,32,2,18,True,10,0.8127090301003345,0.8983207044727413,0.26551587713343333,0.9395914817312291,0.22235484395349403,275,LSTM,0.2,1,4,2,1536,3,19767938,inception_resnet_v2,avg,"(299, 3, 1536)","(9766, 2)"
125,702,2018-12-16 20:21:01,2018-12-16 20:09:18,32,2,30,True,10,0.919732441471572,0.9222813843826326,0.2107113890171344,0.9391568885943725,0.18839830575896988,257,LSTM,0.2,1,0,0,1536,3,18883586,inception_resnet_v2,avg,"(299, 3, 1536)","(9766, 2)"
11,123,2018-12-16 18:22:20,2018-12-16 18:20:17,32,2,12,True,5,0.8461538461538461,0.9163424124513618,0.23024179144721832,0.9382877007664312,0.23264624241873888,213,MLP,0.2,4,4,4,1536,3,3983618,inception_resnet_v2,avg,"(299, 3, 1536)","(9766, 2)"
198,286,2018-12-17 00:30:27,2018-12-17 00:25:40,32,2,16,True,10,0.8193979933110368,0.8991398730288757,0.26020726399199046,0.9378531071633062,0.2184514545166508,289,LSTM,0.2,2,0,0,1536,3,7082498,inception_resnet_v2,avg,"(299, 3, 1536)","(9766, 2)"
124,108,2018-12-16 16:43:26,2018-12-16 16:41:38,32,2,15,True,5,0.9431438127090301,0.9164448085193528,0.21707091987905092,0.9378531071114986,0.22046390211437122,145,MLP,0.2,1,4,0,1536,3,3835778,inception_resnet_v2,avg,"(299, 3, 1536)","(9766, 2)"
91,119,2018-12-16 18:25:56,2018-12-16 18:23:57,32,2,10,True,5,0.7190635451505016,0.9052836370961285,0.2517776068314504,0.9369839203197093,0.2782504065354872,215,MLP,0.2,4,4,8,1536,3,3909314,inception_resnet_v2,avg,"(299, 3, 1536)","(9766, 2)"
58,96,2018-12-16 16:53:40,2018-12-16 16:52:04,32,2,12,True,5,0.9464882943143813,0.9183903337989751,0.2207745471353197,0.9369839198016333,0.22628481714609444,153,MLP,0.2,1,8,0,1536,3,3687746,inception_resnet_v2,avg,"(299, 3, 1536)","(9766, 2)"
22,127,2018-12-16 18:36:05,2018-12-16 18:33:57,32,2,12,True,5,0.7558528428093645,0.9240221175506861,0.20715227461214586,0.9365493263798349,0.216922792410563,221,MLP,0.2,4,8,4,1536,3,3762242,inception_resnet_v2,avg,"(299, 3, 1536)","(9766, 2)"
197,103,2018-12-16 17:01:21,2018-12-16 16:59:37,32,2,12,True,5,0.9063545150501673,0.9072291624001638,0.24289480631264315,0.9361147325435756,0.24828469622451188,159,MLP,0.2,1,8,8,1536,3,3724802,inception_resnet_v2,avg,"(299, 3, 1536)","(9766, 2)"
147,554,2018-12-17 00:14:33,2018-12-17 00:05:18,32,2,17,True,10,0.8494983277591973,0.9033381118042997,0.2543315491775448,0.9356801393549113,0.24393681749889304,287,LSTM,0.2,1,8,8,1536,3,19213058,inception_resnet_v2,avg,"(299, 3, 1536)","(9766, 2)"
133,108,2018-12-16 16:40:19,2018-12-16 16:38:31,32,2,14,True,5,0.9063545150501673,0.9163424124513618,0.22067932026033918,0.9356801391217772,0.2228284183013755,143,MLP,0.2,1,2,8,1536,3,4278338,inception_resnet_v2,avg,"(299, 3, 1536)","(9766, 2)"
39,125,2018-12-16 17:39:37,2018-12-16 17:37:31,32,2,15,True,5,0.919732441471572,0.9168543927913169,0.22946016024740937,0.9356801391217772,0.22255027694372653,186,MLP,0.5,2,8,0,1536,3,3687746,inception_resnet_v2,avg,"(299, 3, 1536)","(9766, 2)"
209,315,2018-12-17 00:40:02,2018-12-17 00:34:47,32,2,19,True,10,0.939799331103679,0.9096866680319475,0.23574281563231284,0.9352455457517863,0.20619907867696066,291,LSTM,0.2,2,0,2,1536,3,7082498,inception_resnet_v2,avg,"(299, 3, 1536)","(9766, 2)"
195,444,2018-12-16 23:03:58,2018-12-16 22:56:34,32,2,12,True,10,0.9063545150501673,0.8919721482695064,0.2777204660204024,0.9352455454150369,0.2255225065401045,279,LSTM,0.2,1,4,8,1536,3,19545026,inception_resnet_v2,avg,"(299, 3, 1536)","(9766, 2)"
172,40,2018-12-16 15:05:30,2018-12-16 15:04:49,32,2,10,True,5,0.8415841584158416,0.9061547837290317,0.24293918989064514,0.935036812498746,0.217880816338846,25,MLP,0.2,1,8,0,1536,1,1328450,inception_resnet_v2,avg,"(303, 1, 1536)","(9846, 2)"
240,417,2018-12-16 21:55:09,2018-12-16 21:48:11,32,2,11,True,10,0.8762541806020067,0.8861355723940201,0.2846956166980234,0.9348109517601043,0.23793607290958851,271,LSTM,0.2,1,2,8,1536,3,20208962,inception_resnet_v2,avg,"(299, 3, 1536)","(9766, 2)"
187,88,2018-12-16 17:41:12,2018-12-16 17:39:43,32,2,7,True,5,0.903010033444816,0.8993446651648577,0.26266371773621866,0.9343763581569793,0.22996572558903683,187,MLP,0.2,2,8,2,1536,3,3837122,inception_resnet_v2,avg,"(299, 3, 1536)","(9766, 2)"
276,137,2018-12-16 17:58:38,2018-12-16 17:56:20,32,2,19,True,5,0.9498327759197325,0.9074339545239393,0.23417215447505918,0.933941764450239,0.2341244857190019,199,MLP,0.2,4,0,8,1536,3,3541250,inception_resnet_v2,avg,"(299, 3, 1536)","(9766, 2)"
81,98,2018-12-16 18:08:09,2018-12-16 18:06:31,32,2,7,True,5,0.842809364548495,0.9036453000204792,0.25093934093126136,0.9339417642171048,0.25261045902358714,205,MLP,0.2,4,2,4,1536,3,4426370,inception_resnet_v2,avg,"(299, 3, 1536)","(9766, 2)"
163,120,2018-12-16 18:14:09,2018-12-16 18:12:08,32,2,11,True,5,0.8795986622073578,0.9034405078844973,0.2557537741646302,0.9335071710802482,0.23282752541265814,208,MLP,0.5,4,2,8,1536,3,4278338,inception_resnet_v2,avg,"(299, 3, 1536)","(9766, 2)"
269,76,2018-12-16 16:37:28,2018-12-16 16:36:11,32,2,7,True,5,0.9464882943143813,0.900880606172516,0.2594144653705161,0.9335071710802482,0.22500218982698605,141,MLP,0.2,1,2,4,1536,3,4426370,inception_resnet_v2,avg,"(299, 3, 1536)","(9766, 2)"
13,79,2018-12-16 17:28:16,2018-12-16 17:26:56,32,2,5,True,5,0.9464882943143813,0.8956584067171821,0.26399314520373623,0.9330725771921814,0.22509962523672591,179,MLP,0.2,2,4,2,1536,3,4132226,inception_resnet_v2,avg,"(299, 3, 1536)","(9766, 2)"
72,150,2018-12-16 19:27:45,2018-12-16 19:25:15,32,2,13,True,5,0.9464882943143813,0.915420847839443,0.23746942373470598,0.932637983252307,0.22288736761237993,252,MLP,0.5,8,8,2,1536,3,3837122,inception_resnet_v2,avg,"(299, 3, 1536)","(9766, 2)"
100,54,2018-12-16 15:22:18,2018-12-16 15:21:23,32,2,11,True,5,0.9438943894389439,0.8971155799188291,0.25887109460008356,0.9324382849718493,0.24000318864688774,53,MLP,0.2,2,4,4,1536,1,1624322,inception_resnet_v2,avg,"(303, 1, 1536)","(9846, 2)"
291,41,2018-12-16 14:57:13,2018-12-16 14:56:31,32,2,11,True,5,0.8679867986798679,0.9058500913955708,0.24421058142667085,0.9320051970550022,0.23558575095953288,9,MLP,0.2,1,2,0,1536,1,1772546,inception_resnet_v2,avg,"(303, 1, 1536)","(9846, 2)"
213,42,2018-12-16 15:03:15,2018-12-16 15:02:33,32,2,9,True,5,0.9306930693069306,0.9031078610845439,0.25386732406255896,0.9320051970550022,0.22451630368790051,21,MLP,0.2,1,4,4,1536,1,1624322,inception_resnet_v2,avg,"(303, 1, 1536)","(9846, 2)"
47,104,2018-12-16 17:49:38,2018-12-16 17:47:53,32,2,12,True,5,0.8528428093645485,0.9030309236125332,0.2490632469877799,0.9317687959424417,0.23326007685082106,193,MLP,0.2,4,0,0,1536,3,3541250,inception_resnet_v2,avg,"(299, 3, 1536)","(9766, 2)"
278,67,2018-12-16 15:18:26,2018-12-16 15:17:18,32,2,15,True,5,0.8481848184818481,0.9083891936053645,0.24473369095520642,0.9311390212213079,0.22016408917203306,47,MLP,0.2,2,2,8,1536,1,1919042,inception_resnet_v2,avg,"(303, 1, 1536)","(9846, 2)"
64,86,2018-12-16 16:48:22,2018-12-16 16:46:55,32,2,9,True,5,0.8695652173913043,0.9123489657997133,0.22839946390158045,0.9308996086843839,0.21878407779645526,149,MLP,0.2,1,4,4,1536,3,3983618,inception_resnet_v2,avg,"(299, 3, 1536)","(9766, 2)"
289,93,2018-12-16 18:12:02,2018-12-16 18:10:28,32,2,6,True,5,0.8762541806020067,0.8880810976858489,0.2814146439279173,0.9308996086325764,0.2919504506297341,207,MLP,0.2,4,2,8,1536,3,4278338,inception_resnet_v2,avg,"(299, 3, 1536)","(9766, 2)"
248,802,2018-12-16 23:50:50,2018-12-16 23:37:27,32,2,31,True,10,0.8260869565217391,0.8697522015154618,0.3313068297128806,0.9300304213745186,0.3827866067165191,284,LSTM,0.5,1,8,2,1536,3,19325378,inception_resnet_v2,avg,"(299, 3, 1536)","(9766, 2)"
155,82,2018-12-16 16:33:45,2018-12-16 16:32:23,32,2,9,True,5,0.939799331103679,0.9028261314643448,0.25285662905666495,0.9300304213227111,0.2212600306369387,138,MLP,0.5,1,2,0,1536,3,4131842,inception_resnet_v2,avg,"(299, 3, 1536)","(9766, 2)"
48,121,2018-12-16 17:24:08,2018-12-16 17:22:06,32,2,13,True,5,0.8327759197324415,0.9088674994758131,0.25091427672343886,0.929595827719586,0.24114617897033278,176,MLP,0.5,2,2,8,1536,3,4278338,inception_resnet_v2,avg,"(299, 3, 1536)","(9766, 2)"
241,116,2018-12-16 19:34:36,2018-12-16 19:32:39,32,2,7,True,5,0.8494983277591973,0.8949416342412452,0.27449898231036834,0.9295958276677785,0.25028107401108235,256,MLP,0.5,8,8,8,1536,3,3724802,inception_resnet_v2,avg,"(299, 3, 1536)","(9766, 2)"
255,62,2018-12-16 15:28:39,2018-12-16 15:27:37,32,2,13,True,5,0.7821782178217822,0.9064594758808818,0.24686066181272748,0.9294066695797335,0.24154091961665708,62,MLP,0.5,2,8,4,1536,1,1402946,inception_resnet_v2,avg,"(303, 1, 1536)","(9846, 2)"
92,102,2018-12-16 19:04:41,2018-12-16 19:02:58,32,2,5,True,5,0.8662207357859532,0.8897194347614982,0.28618248213809605,0.9291612345827294,0.254552767904672,239,MLP,0.2,8,2,8,1536,3,4278338,inception_resnet_v2,avg,"(299, 3, 1536)","(9766, 2)"
230,114,2018-12-16 17:52:51,2018-12-16 17:50:56,32,2,14,True,5,0.8294314381270903,0.9130657382756502,0.22897277513418607,0.9291612345309218,0.2357172384009782,195,MLP,0.2,4,0,2,1536,3,3541250,inception_resnet_v2,avg,"(299, 3, 1536)","(9766, 2)"
265,84,2018-12-16 17:35:12,2018-12-16 17:33:47,32,2,6,True,5,0.882943143812709,0.891562563985336,0.2802597117972086,0.9287266405910474,0.26112037124529136,184,MLP,0.5,2,4,8,1536,3,3909314,inception_resnet_v2,avg,"(299, 3, 1536)","(9766, 2)"
56,66,2018-12-16 16:34:57,2018-12-16 16:33:50,32,2,5,True,5,0.9431438127090301,0.8869547409257414,0.28706091058295746,0.9287266404097207,0.30723663805775514,139,MLP,0.2,1,2,2,1536,3,4722434,inception_resnet_v2,avg,"(299, 3, 1536)","(9766, 2)"
286,542,2018-12-16 21:12:30,2018-12-16 21:03:27,32,2,20,True,10,0.8193979933110368,0.8788654515666598,0.30756353493074207,0.9282920472210565,0.2352858580930603,264,LSTM,0.5,1,0,8,1536,3,18883586,inception_resnet_v2,avg,"(299, 3, 1536)","(9766, 2)"
128,297,2018-12-16 21:17:36,2018-12-16 21:12:38,32,2,5,True,10,0.842809364548495,0.8688306369035429,0.32024010913662065,0.9282920472210565,0.2739459281768658,265,LSTM,0.2,1,2,0,1536,3,20062466,inception_resnet_v2,avg,"(299, 3, 1536)","(9766, 2)"
23,92,2018-12-16 18:54:26,2018-12-16 18:52:53,32,2,4,True,5,0.8929765886287625,0.8861355723940201,0.2804619106383029,0.9282920472210565,0.2432404909896519,233,MLP,0.2,8,2,0,1536,3,4131842,inception_resnet_v2,avg,"(299, 3, 1536)","(9766, 2)"
67,35,2018-12-16 14:59:56,2018-12-16 14:59:20,32,2,7,True,5,0.9207920792079208,0.8946780418080816,0.2663774514086915,0.9281074058033781,0.2267367994116725,15,MLP,0.2,1,2,8,1536,1,1919042,inception_resnet_v2,avg,"(303, 1, 1536)","(9846, 2)"
82,102,2018-12-16 18:45:14,2018-12-16 18:43:31,32,2,9,True,5,0.8662207357859532,0.8845996313741552,0.2915299105965869,0.9278574535661239,0.24552704867255631,227,MLP,0.2,8,0,2,1536,3,3541250,inception_resnet_v2,avg,"(299, 3, 1536)","(9766, 2)"
129,377,2018-12-16 21:28:35,2018-12-16 21:22:17,32,2,9,True,10,0.8127090301003345,0.8801966004505427,0.3017469961978167,0.9278574533329897,0.2724823756665574,267,LSTM,0.2,1,2,2,1536,3,20653058,inception_resnet_v2,avg,"(299, 3, 1536)","(9766, 2)"
185,97,2018-12-16 18:30:16,2018-12-16 18:28:39,32,2,7,True,5,0.8896321070234113,0.8971943477370469,0.2785307545822931,0.9278574530480479,0.25356688681036327,218,MLP,0.5,4,8,0,1536,3,3687746,inception_resnet_v2,avg,"(299, 3, 1536)","(9766, 2)"
61,120,2018-12-16 18:59:39,2018-12-16 18:57:38,32,2,8,True,5,0.9163879598662208,0.905386033176326,0.25879120348834267,0.927422859678057,0.2452104820836269,236,MLP,0.5,8,2,2,1536,3,4722434,inception_resnet_v2,avg,"(299, 3, 1536)","(9766, 2)"
38,92,2018-12-16 19:12:21,2018-12-16 19:10:49,32,2,3,True,5,0.8595317725752508,0.8758959655949211,0.3063563495483795,0.9274228596262495,0.2742056289168867,244,MLP,0.5,8,4,2,1536,3,4132226,inception_resnet_v2,avg,"(299, 3, 1536)","(9766, 2)"
189,42,2018-12-16 15:15:13,2018-12-16 15:14:30,32,2,8,True,5,0.8679867986798679,0.894474913731063,0.26484676420676523,0.9268081420528367,0.23885488841197045,42,MLP,0.5,2,2,0,1536,1,1772546,inception_resnet_v2,avg,"(303, 1, 1536)","(9846, 2)"
237,88,2018-12-16 15:37:51,2018-12-16 15:36:22,32,2,18,True,5,0.7920792079207921,0.9156002437417012,0.22081023117475532,0.9268081420528367,0.24535367896335886,75,MLP,0.2,4,2,2,1536,1,2363138,inception_resnet_v2,avg,"(303, 1, 1536)","(9846, 2)"
282,72,2018-12-16 16:46:51,2018-12-16 16:45:38,32,2,5,True,5,0.919732441471572,0.8848044235101372,0.28980936241011357,0.92655367208325,0.25014030344068666,148,MLP,0.5,1,4,2,1536,3,4132226,inception_resnet_v2,avg,"(299, 3, 1536)","(9766, 2)"
28,61,2018-12-16 16:44:32,2018-12-16 16:43:31,32,2,4,True,5,0.8729096989966555,0.8832684824780658,0.2970676260748384,0.92655367208325,0.27063832410337196,146,MLP,0.5,1,4,0,1536,3,3835778,inception_resnet_v2,avg,"(299, 3, 1536)","(9766, 2)"
221,65,2018-12-16 16:27:43,2018-12-16 16:26:37,32,2,7,True,5,0.862876254180602,0.8828588982061019,0.2899329847923781,0.92655367208325,0.2378083243545166,133,MLP,0.2,1,0,4,1536,3,3541250,inception_resnet_v2,avg,"(299, 3, 1536)","(9766, 2)"
154,98,2018-12-16 17:14:05,2018-12-16 17:12:27,32,2,9,True,5,0.8193979933110368,0.9084579152160557,0.24017115628654634,0.92655367208325,0.23329934245967077,170,MLP,0.5,2,2,0,1536,3,4131842,inception_resnet_v2,avg,"(299, 3, 1536)","(9766, 2)"
288,58,2018-12-16 15:39:33,2018-12-16 15:38:35,32,2,9,True,5,0.8844884488448845,0.8890920170627666,0.27358653144988493,0.9263750541618037,0.24597836619798835,77,MLP,0.2,4,2,4,1536,1,2067074,inception_resnet_v2,avg,"(303, 1, 1536)","(9846, 2)"
267,381,2018-12-16 20:32:51,2018-12-16 20:26:29,32,2,11,True,10,0.8494983277591973,0.8978087241449928,0.26510363650290225,0.9261190789463933,0.2364793382795517,259,LSTM,0.2,1,0,2,1536,3,18883586,inception_resnet_v2,avg,"(299, 3, 1536)","(9766, 2)"
216,79,2018-12-16 16:56:21,2018-12-16 16:55:02,32,2,7,True,5,0.8862876254180602,0.900778210104525,0.2536176962123014,0.9261190787132592,0.26178591049841726,155,MLP,0.2,1,8,2,1536,3,3837122,inception_resnet_v2,avg,"(299, 3, 1536)","(9766, 2)"
135,58,2018-12-16 16:20:24,2018-12-16 16:19:26,32,2,7,True,5,0.9240924092409241,0.887162299398821,0.2904152703096342,0.9259419662191425,0.24616541973875425,126,MLP,0.5,8,8,4,1536,1,1402946,inception_resnet_v2,avg,"(303, 1, 1536)","(9846, 2)"
117,98,2018-12-16 17:32:36,2018-12-16 17:30:57,32,2,9,True,5,0.9230769230769231,0.9057956174360834,0.25278941703799707,0.9256844852914607,0.24625642290715288,182,MLP,0.5,2,4,4,1536,3,3983618,inception_resnet_v2,avg,"(299, 3, 1536)","(9766, 2)"
219,383,2018-12-16 20:39:22,2018-12-16 20:32:58,32,2,11,True,10,0.8494983277591973,0.8606389514520572,0.3342486550494,0.9256844848251923,0.24730712131332802,260,LSTM,0.5,1,0,2,1536,3,18883586,inception_resnet_v2,avg,"(299, 3, 1536)","(9766, 2)"
90,405,2018-12-16 23:57:48,2018-12-16 23:51:02,32,2,9,True,10,0.8461538461538461,0.8787630554986688,0.3026133879482099,0.9256844847733847,0.2520196765000693,285,LSTM,0.2,1,8,4,1536,3,19250498,inception_resnet_v2,avg,"(299, 3, 1536)","(9766, 2)"
94,102,2018-12-16 16:50:10,2018-12-16 16:48:27,32,2,12,True,5,0.882943143812709,0.9146016792955151,0.23710981573274018,0.9256844847733847,0.24701555454047128,150,MLP,0.5,1,4,4,1536,3,3983618,inception_resnet_v2,avg,"(299, 3, 1536)","(9766, 2)"
9,89,2018-12-16 16:13:58,2018-12-16 16:12:29,32,2,17,True,5,0.858085808580858,0.913975218362787,0.228679843870467,0.9255088783539235,0.2305798991617572,119,MLP,0.2,8,4,8,1536,1,1550018,inception_resnet_v2,avg,"(303, 1, 1536)","(9846, 2)"
138,359,2018-12-16 21:40:00,2018-12-16 21:34:01,32,2,8,True,10,0.9331103678929766,0.8811181650624617,0.2995922110063874,0.925249891118452,0.23734024079635527,269,LSTM,0.2,1,2,4,1536,3,20356994,inception_resnet_v2,avg,"(299, 3, 1536)","(9766, 2)"
30,46,2018-12-16 15:11:09,2018-12-16 15:10:23,32,2,14,True,5,0.9207920792079208,0.8997562461550246,0.25584916040080363,0.9246427024944152,0.24605552087412505,35,MLP,0.2,2,0,2,1536,1,1181954,inception_resnet_v2,avg,"(303, 1, 1536)","(9846, 2)"
292,55,2018-12-16 16:32:18,2018-12-16 16:31:23,32,2,3,True,5,0.903010033444816,0.8730288756911735,0.3115534081264717,0.9243807043784704,0.2637283691423243,137,MLP,0.2,1,2,0,1536,3,4131842,inception_resnet_v2,avg,"(299, 3, 1536)","(9766, 2)"
202,74,2018-12-16 17:46:14,2018-12-16 17:45:00,32,2,4,True,5,0.9331103678929766,0.8696498054352643,0.3172894026897199,0.9243807043266627,0.34748555234803785,191,MLP,0.2,2,8,8,1536,3,3724802,inception_resnet_v2,avg,"(299, 3, 1536)","(9766, 2)"
263,82,2018-12-16 18:04:44,2018-12-16 18:03:22,32,2,4,True,5,0.8595317725752508,0.8852140077943077,0.2973563457619282,0.9243807040935286,0.3559395835379941,203,MLP,0.2,4,2,2,1536,3,4722434,inception_resnet_v2,avg,"(299, 3, 1536)","(9766, 2)"
130,72,2018-12-16 17:18:27,2018-12-16 17:17:15,32,2,3,True,5,0.8361204013377926,0.8686258447675609,0.3166042305193437,0.924380704041721,0.2588518018672799,173,MLP,0.2,2,2,4,1536,3,4426370,inception_resnet_v2,avg,"(299, 3, 1536)","(9766, 2)"
165,71,2018-12-16 16:54:57,2018-12-16 16:53:45,32,2,6,True,5,0.8729096989966555,0.8909481875895966,0.27697828530917373,0.9243807038603944,0.2595236960544321,154,MLP,0.5,1,8,0,1536,3,3687746,inception_resnet_v2,avg,"(299, 3, 1536)","(9766, 2)"
83,62,2018-12-16 16:22:33,2018-12-16 16:21:31,32,2,8,True,5,0.8118811881188119,0.8910217346782827,0.28341820985593374,0.924209614577568,0.25268337661025325,128,MLP,0.5,8,8,8,1536,1,1365506,inception_resnet_v2,avg,"(303, 1, 1536)","(9846, 2)"
233,55,2018-12-16 16:05:36,2018-12-16 16:04:40,32,2,6,True,5,0.9372937293729373,0.8827950436967722,0.28946866500966073,0.924209614577568,0.25928627187527326,111,MLP,0.2,8,2,8,1536,1,1919042,inception_resnet_v2,avg,"(303, 1, 1536)","(9846, 2)"
68,53,2018-12-16 15:41:08,2018-12-16 15:40:14,32,2,8,True,5,0.8217821782178218,0.8935608369122912,0.27311982700864934,0.924209614551754,0.33039960620102815,79,MLP,0.2,4,2,8,1536,1,1919042,inception_resnet_v2,avg,"(303, 1, 1536)","(9846, 2)"
264,60,2018-12-16 14:56:06,2018-12-16 14:55:06,32,2,25,True,5,0.8877887788778878,0.9123501930323021,0.22549073354829358,0.924209614551754,0.2375019593684639,7,MLP,0.2,1,0,8,1536,1,1181954,inception_resnet_v2,avg,"(303, 1, 1536)","(9846, 2)"
274,65,2018-12-16 17:10:03,2018-12-16 17:08:57,32,2,5,True,5,0.9464882943143813,0.8699569936392372,0.31450261204623065,0.923946110438596,0.3106953399381343,167,MLP,0.2,2,0,8,1536,3,3541250,inception_resnet_v2,avg,"(299, 3, 1536)","(9766, 2)"
281,32,2018-12-16 15:04:23,2018-12-16 15:03:51,32,2,5,True,5,0.8646864686468647,0.8810684541945968,0.29491384335584137,0.9237765266349068,0.2566926664555419,23,MLP,0.2,1,4,8,1536,1,1550018,inception_resnet_v2,avg,"(303, 1, 1536)","(9846, 2)"
15,49,2018-12-16 16:01:11,2018-12-16 16:00:22,32,2,6,True,5,0.8745874587458746,0.888685760678689,0.27591589822526774,0.9237765266349068,0.25686544436766195,106,MLP,0.5,8,2,0,1536,1,1772546,inception_resnet_v2,avg,"(303, 1, 1536)","(9846, 2)"
74,55,2018-12-16 16:07:22,2018-12-16 16:06:27,32,2,8,True,5,0.8844884488448845,0.8983343489742027,0.26362867721284755,0.9237765266349068,0.24084750462554141,113,MLP,0.2,8,4,0,1536,1,1476482,inception_resnet_v2,avg,"(303, 1, 1536)","(9846, 2)"
182,87,2018-12-16 18:31:51,2018-12-16 18:30:23,32,2,4,True,5,0.842809364548495,0.8605365553962728,0.34288017626622164,0.9235115164987215,0.27342209490627273,219,MLP,0.2,4,8,2,1536,3,3837122,inception_resnet_v2,avg,"(299, 3, 1536)","(9766, 2)"
78,298,2018-12-16 22:48:49,2018-12-16 22:43:51,32,2,4,True,10,0.8963210702341137,0.8488634036575066,0.35119721683449073,0.9230769231287307,0.26355560801952416,277,LSTM,0.2,1,4,4,1536,3,19619330,inception_resnet_v2,avg,"(299, 3, 1536)","(9766, 2)"
214,54,2018-12-16 15:42:05,2018-12-16 15:41:10,32,2,8,True,5,0.9108910891089109,0.8832012999839907,0.2966547071019639,0.9229103508012126,0.255348778402795,80,MLP,0.5,4,2,8,1536,1,1919042,inception_resnet_v2,avg,"(303, 1, 1536)","(9846, 2)"
0,44,2018-12-16 15:14:29,2018-12-16 15:13:45,32,2,9,True,5,0.9273927392739274,0.9018890920170628,0.25213388853167074,0.9229103508012126,0.23832924904091216,41,MLP,0.2,2,2,0,1536,1,1772546,inception_resnet_v2,avg,"(303, 1, 1536)","(9846, 2)"
89,56,2018-12-16 16:16:36,2018-12-16 16:15:39,32,2,8,True,5,0.9108910891089109,0.8825919154986797,0.29105071976959473,0.9229103508012126,0.251907375214832,122,MLP,0.5,8,8,0,1536,1,1328450,inception_resnet_v2,avg,"(303, 1, 1536)","(9846, 2)"
175,67,2018-12-16 15:27:35,2018-12-16 15:26:28,32,2,15,True,5,0.9240924092409241,0.918850294596389,0.21921193998639185,0.9229103508012126,0.261649921226677,61,MLP,0.2,2,8,4,1536,1,1402946,inception_resnet_v2,avg,"(303, 1, 1536)","(9846, 2)"
16,176,2018-12-17 00:46:41,2018-12-17 00:43:44,32,2,4,True,10,0.8762541806020067,0.8638132295719845,0.32150731839204505,0.9226423297069323,0.23842966416020955,293,LSTM,0.2,2,0,4,1536,3,7082498,inception_resnet_v2,avg,"(299, 3, 1536)","(9766, 2)"
93,53,2018-12-16 16:11:14,2018-12-16 16:10:21,32,2,6,True,5,0.9240924092409241,0.8809668901681948,0.2991380208534558,0.9224772629101796,0.2576923261942312,117,MLP,0.2,8,4,4,1536,1,1624322,inception_resnet_v2,avg,"(303, 1, 1536)","(9846, 2)"
33,84,2018-12-16 18:20:10,2018-12-16 18:18:46,32,2,4,True,5,0.862876254180602,0.8907433954658212,0.28051813952922333,0.922207735870673,0.26000909023521157,212,MLP,0.5,4,4,2,1536,3,4132226,inception_resnet_v2,avg,"(299, 3, 1536)","(9766, 2)"
199,67,2018-12-16 17:55:12,2018-12-16 17:54:04,32,2,4,True,5,0.8996655518394648,0.8597173868523449,0.3344833079619459,0.9222077358188654,0.2949104412049638,197,MLP,0.2,4,0,4,1536,3,3541250,inception_resnet_v2,avg,"(299, 3, 1536)","(9766, 2)"
168,52,2018-12-16 16:00:19,2018-12-16 15:59:26,32,2,7,True,5,0.900990099009901,0.892138939658825,0.26792266425528516,0.9220441749933325,0.27240634320772483,105,MLP,0.2,8,2,0,1536,1,1772546,inception_resnet_v2,avg,"(303, 1, 1536)","(9846, 2)"
148,39,2018-12-16 14:58:30,2018-12-16 14:57:51,32,2,8,True,5,0.8514851485148515,0.8947796059555574,0.2738256303670323,0.9220441749675184,0.2595514829390335,12,MLP,0.5,1,2,2,1536,1,2363138,inception_resnet_v2,avg,"(303, 1, 1536)","(9846, 2)"
271,80,2018-12-16 17:29:42,2018-12-16 17:28:22,32,2,5,True,5,0.8929765886287625,0.8541879991808314,0.3618695951438258,0.921773142397067,0.2595757547408174,180,MLP,0.5,2,4,2,1536,3,4132226,inception_resnet_v2,avg,"(299, 3, 1536)","(9766, 2)"
145,90,2018-12-16 19:32:31,2018-12-16 19:31:00,32,2,3,True,5,0.8695652173913043,0.8565431087568308,0.3429173170580328,0.921773142397067,0.26403802587953873,255,MLP,0.2,8,8,8,1536,3,3724802,inception_resnet_v2,avg,"(299, 3, 1536)","(9766, 2)"
180,95,2018-12-16 18:57:31,2018-12-16 18:55:55,32,2,4,True,5,0.9130434782608696,0.8826541060823264,0.29087378367012623,0.9217731421639328,0.2637666725998389,235,MLP,0.2,8,2,2,1536,3,4722434,inception_resnet_v2,avg,"(299, 3, 1536)","(9766, 2)"
24,49,2018-12-16 15:58:17,2018-12-16 15:57:28,32,2,9,True,5,0.8646864686468647,0.8872638634857598,0.2792407886274409,0.9216110870506713,0.25432913472102336,103,MLP,0.2,8,0,8,1536,1,1181954,inception_resnet_v2,avg,"(303, 1, 1536)","(9846, 2)"
127,65,2018-12-16 16:36:07,2018-12-16 16:35:01,32,2,4,True,5,0.939799331103679,0.8810157689822641,0.30302197112183626,0.9213385487421343,0.2846542013074874,140,MLP,0.5,1,2,2,1536,3,4722434,inception_resnet_v2,avg,"(299, 3, 1536)","(9766, 2)"
52,94,2018-12-16 17:17:09,2018-12-16 17:15:35,32,2,6,True,5,0.8896321070234113,0.8970919516690559,0.26930846421064447,0.9213385485090001,0.27232528652434035,172,MLP,0.5,2,2,2,1536,3,4722434,inception_resnet_v2,avg,"(299, 3, 1536)","(9766, 2)"
254,53,2018-12-16 16:23:31,2018-12-16 16:22:38,32,2,4,True,5,0.9163879598662208,0.8590006143642014,0.3291985697612493,0.9213385482240584,0.2767813090058525,129,MLP,0.2,1,0,0,1536,3,3541250,inception_resnet_v2,avg,"(299, 3, 1536)","(9766, 2)"
87,74,2018-12-16 16:10:18,2018-12-16 16:09:03,32,2,12,True,5,0.8448844884488449,0.9101157831196472,0.2456844053828036,0.9211779991338241,0.24344977374753687,116,MLP,0.5,8,4,2,1536,1,1772930,inception_resnet_v2,avg,"(303, 1, 1536)","(9846, 2)"
159,41,2018-12-16 15:08:28,2018-12-16 15:07:46,32,2,8,True,5,0.9075907590759076,0.8874669917322818,0.28886219078802416,0.9211779991338241,0.25497614659107626,30,MLP,0.5,1,8,4,1536,1,1402946,inception_resnet_v2,avg,"(303, 1, 1536)","(9846, 2)"
273,686,2018-12-16 22:06:45,2018-12-16 21:55:18,32,2,26,True,10,0.8260869565217391,0.8677042801434355,0.33366326270302665,0.9209039550872017,0.29242965386049585,272,LSTM,0.5,1,2,8,1536,3,20208962,inception_resnet_v2,avg,"(299, 3, 1536)","(9766, 2)"
85,60,2018-12-16 17:12:21,2018-12-16 17:11:21,32,2,2,True,5,0.8762541806020067,0.8548023755765708,0.34257505974172936,0.9204693614322691,0.284802049553845,169,MLP,0.2,2,2,0,1536,3,4131842,inception_resnet_v2,avg,"(299, 3, 1536)","(9766, 2)"
160,126,2018-12-16 18:10:22,2018-12-16 18:08:16,32,2,12,True,5,0.9297658862876255,0.9111202129838214,0.2460060808063774,0.9204693611991348,0.27455278047267795,206,MLP,0.5,4,2,4,1536,3,4426370,inception_resnet_v2,avg,"(299, 3, 1536)","(9766, 2)"
184,112,2018-12-16 18:33:50,2018-12-16 18:31:58,32,2,8,True,5,0.9297658862876255,0.8954536145812001,0.2764761514928151,0.9204693611473272,0.26076314635882425,220,MLP,0.5,4,8,2,1536,3,3837122,inception_resnet_v2,avg,"(299, 3, 1536)","(9766, 2)"
115,54,2018-12-16 16:38:26,2018-12-16 16:37:32,32,2,2,True,5,0.9364548494983278,0.8423100552938767,0.364209674513141,0.9204693609141931,0.30809595432296,142,MLP,0.5,1,2,4,1536,3,4426370,inception_resnet_v2,avg,"(299, 3, 1536)","(9766, 2)"
132,35,2018-12-16 15:16:49,2018-12-16 15:16:13,32,2,4,True,5,0.933993399339934,0.8785293520211254,0.3001378664011735,0.92031182330013,0.2843467669344506,45,MLP,0.2,2,2,4,1536,1,2067074,inception_resnet_v2,avg,"(303, 1, 1536)","(9846, 2)"
142,38,2018-12-16 15:06:09,2018-12-16 15:05:31,32,2,9,True,5,0.9306930693069306,0.8869591712612653,0.28613688770576434,0.92031182330013,0.27229677125869656,26,MLP,0.5,1,8,0,1536,1,1328450,inception_resnet_v2,avg,"(303, 1, 1536)","(9846, 2)"
246,50,2018-12-16 15:25:21,2018-12-16 15:24:30,32,2,11,True,5,0.9405940594059405,0.9006703229374743,0.2538625590326145,0.92031182330013,0.23911393452847143,58,MLP,0.5,2,8,0,1536,1,1328450,inception_resnet_v2,avg,"(303, 1, 1536)","(9846, 2)"
207,55,2018-12-16 16:18:40,2018-12-16 16:17:45,32,2,6,True,5,0.9174917491749175,0.8815762746171837,0.2910937759453946,0.92031182330013,0.27417798244808594,124,MLP,0.5,8,8,2,1536,1,1477826,inception_resnet_v2,avg,"(303, 1, 1536)","(9846, 2)"
146,471,2018-12-16 21:48:01,2018-12-16 21:40:10,32,2,14,True,10,0.7959866220735786,0.8537784149088675,0.35414191687751595,0.920034767311068,0.33613910648108875,270,LSTM,0.5,1,2,4,1536,3,20356994,inception_resnet_v2,avg,"(299, 3, 1536)","(9766, 2)"
101,58,2018-12-16 16:03:58,2018-12-16 16:02:59,32,2,8,True,5,0.8943894389438944,0.9024984764902664,0.2592319251801845,0.9198787354090968,0.2564716512839894,109,MLP,0.2,8,2,4,1536,1,2067074,inception_resnet_v2,avg,"(303, 1, 1536)","(9846, 2)"
120,58,2018-12-16 16:21:27,2018-12-16 16:20:28,32,2,7,True,5,0.834983498349835,0.8824903514722777,0.2893447477280452,0.9198787353832828,0.23545070105156066,127,MLP,0.2,8,8,8,1536,1,1365506,inception_resnet_v2,avg,"(303, 1, 1536)","(9846, 2)"
12,40,2018-12-16 15:20:47,2018-12-16 15:20:06,32,2,6,True,5,0.8712871287128713,0.8859435303313399,0.28899082936923143,0.9194456474922498,0.262059151480961,51,MLP,0.2,2,4,2,1536,1,1772930,inception_resnet_v2,avg,"(303, 1, 1536)","(9846, 2)"
46,85,2018-12-16 19:07:59,2018-12-16 19:06:33,32,2,4,True,5,0.9531772575250836,0.8881834937416333,0.284104414413924,0.9191655804674711,0.3136758787095262,241,MLP,0.2,8,4,0,1536,3,3835778,inception_resnet_v2,avg,"(299, 3, 1536)","(9766, 2)"
103,86,2018-12-16 18:17:32,2018-12-16 18:16:05,32,2,6,True,5,0.9096989966555185,0.8861355723818135,0.28259996330423137,0.9191655799493952,0.26943475712594234,210,MLP,0.5,4,4,0,1536,3,3835778,inception_resnet_v2,avg,"(299, 3, 1536)","(9766, 2)"
200,490,2018-12-16 23:12:21,2018-12-16 23:04:10,32,2,14,True,10,0.8494983277591973,0.8565431087446242,0.3553852389001856,0.9191655799493952,0.2778965707889384,280,LSTM,0.5,1,4,8,1536,3,19545026,inception_resnet_v2,avg,"(299, 3, 1536)","(9766, 2)"
10,57,2018-12-16 15:52:01,2018-12-16 15:51:04,32,2,9,True,5,0.8250825082508251,0.890818606504405,0.27613869281427034,0.9190125595754026,0.2600519729672494,94,MLP,0.5,4,8,4,1536,1,1402946,inception_resnet_v2,avg,"(303, 1, 1536)","(9846, 2)"
122,29,2018-12-16 14:53:26,2018-12-16 14:52:56,32,2,8,True,5,0.8448844884488449,0.8818809668537855,0.29036764379817004,0.9190125595495886,0.2619013741141328,1,MLP,0.2,1,0,0,1536,1,1181954,inception_resnet_v2,avg,"(303, 1, 1536)","(9846, 2)"
169,44,2018-12-16 16:14:46,2018-12-16 16:14:01,32,2,3,True,5,0.9141914191419142,0.8692870200733671,0.3210099457865102,0.9190125595495886,0.27443061078160086,120,MLP,0.5,8,4,8,1536,1,1550018,inception_resnet_v2,avg,"(303, 1, 1536)","(9846, 2)"
105,61,2018-12-16 16:17:41,2018-12-16 16:16:39,32,2,8,True,5,0.9372937293729373,0.901584399719924,0.2585372108191996,0.9190125595495886,0.2696115260467017,123,MLP,0.2,8,8,2,1536,1,1477826,inception_resnet_v2,avg,"(303, 1, 1536)","(9846, 2)"
71,67,2018-12-16 16:12:25,2018-12-16 16:11:18,32,2,10,True,5,0.9273927392739274,0.900873451171889,0.2624237232943897,0.9190125595495886,0.2585971408808784,118,MLP,0.5,8,4,4,1536,1,1624322,inception_resnet_v2,avg,"(303, 1, 1536)","(9846, 2)"
19,386,2018-12-16 20:49:56,2018-12-16 20:43:30,32,2,11,True,10,0.8662207357859532,0.8637108335039935,0.3309641074791273,0.9187309868125385,0.27478942514657456,262,LSTM,0.5,1,0,4,1536,3,18883586,inception_resnet_v2,avg,"(299, 3, 1536)","(9766, 2)"
42,80,2018-12-16 17:19:54,2018-12-16 17:18:33,32,2,5,True,5,0.862876254180602,0.8870571369937325,0.29193727635785544,0.9187309862944625,0.31779267770059727,174,MLP,0.5,2,2,4,1536,3,4426370,inception_resnet_v2,avg,"(299, 3, 1536)","(9766, 2)"
275,29,2018-12-16 15:02:10,2018-12-16 15:01:40,32,2,4,True,5,0.834983498349835,0.8690838918994893,0.3168548246300392,0.9185794716327415,0.2783889093760186,19,MLP,0.2,1,4,2,1536,1,1772930,inception_resnet_v2,avg,"(303, 1, 1536)","(9846, 2)"
252,441,2018-12-16 22:56:22,2018-12-16 22:49:01,32,2,12,True,10,0.8193979933110368,0.8574646733565431,0.35517415453603757,0.9182963931576059,0.2936786060901063,278,LSTM,0.5,1,4,4,1536,3,19619330,inception_resnet_v2,avg,"(299, 3, 1536)","(9766, 2)"
243,72,2018-12-16 18:27:16,2018-12-16 18:26:04,32,2,2,True,5,0.8729096989966555,0.8552119598485348,0.3515630699488171,0.9182963929762793,0.31468453518932976,216,MLP,0.5,4,4,8,1536,3,3909314,inception_resnet_v2,avg,"(299, 3, 1536)","(9766, 2)"
149,96,2018-12-16 19:06:25,2018-12-16 19:04:48,32,2,5,True,5,0.8662207357859532,0.8847020274421462,0.2884911248720183,0.9178617995544808,0.27368348268310383,240,MLP,0.5,8,2,8,1536,3,4278338,inception_resnet_v2,avg,"(299, 3, 1536)","(9766, 2)"
223,205,2018-12-17 00:43:36,2018-12-17 00:40:11,32,2,7,True,10,0.882943143812709,0.8499897603809944,0.3529129671728223,0.917861799269539,0.2811397460946204,292,LSTM,0.5,2,0,2,1536,3,7082498,inception_resnet_v2,avg,"(299, 3, 1536)","(9766, 2)"
249,100,2018-12-16 19:25:06,2018-12-16 19:23:26,32,2,5,True,5,0.9230769230769231,0.8801966004505427,0.29483256165030525,0.9178617992177314,0.25633067455060166,251,MLP,0.2,8,8,2,1536,3,3837122,inception_resnet_v2,avg,"(299, 3, 1536)","(9766, 2)"
166,54,2018-12-16 17:07:25,2018-12-16 17:06:30,32,2,2,True,5,0.862876254180602,0.8390333811059585,0.3597785300671896,0.9178617989845972,0.3263780468963945,165,MLP,0.2,2,0,4,1536,3,3541250,inception_resnet_v2,avg,"(299, 3, 1536)","(9766, 2)"
113,82,2018-12-16 18:01:26,2018-12-16 18:00:04,32,2,5,True,5,0.8896321070234113,0.8789678476468574,0.3016462356932408,0.9174272056146063,0.28218707694845685,201,MLP,0.2,4,2,0,1536,3,4131842,inception_resnet_v2,avg,"(299, 3, 1536)","(9766, 2)"
65,156,2018-12-17 08:21:06,2018-12-17 08:18:30,32,2,17,True,10,0.8361204013377926,0.8554167519845167,0.3513136407573668,0.9174272056146063,0.3723757000189147,384,LSTM,0.5,8,8,8,1536,3,1402370,inception_resnet_v2,avg,"(299, 3, 1536)","(9766, 2)"
3,54,2018-12-16 16:25:43,2018-12-16 16:24:49,32,2,4,True,5,0.8795986622073578,0.8579766536842915,0.33393950169261744,0.9174272055627988,0.30251821132133133,131,MLP,0.2,1,0,2,1536,3,3541250,inception_resnet_v2,avg,"(299, 3, 1536)","(9766, 2)"
157,49,2018-12-16 16:29:55,2018-12-16 16:29:05,32,2,3,True,5,0.9364548494983278,0.8511161171411018,0.33778389617068316,0.9174272053814722,0.3034586112611142,135,MLP,0.2,1,0,8,1536,3,3541250,inception_resnet_v2,avg,"(299, 3, 1536)","(9766, 2)"
104,243,2018-12-17 00:34:39,2018-12-17 00:30:35,32,2,11,True,10,0.8294314381270903,0.8557239402006963,0.34148518782022813,0.9174272053296646,0.26676736244918053,290,LSTM,0.5,2,0,0,1536,3,7082498,inception_resnet_v2,avg,"(299, 3, 1536)","(9766, 2)"
212,294,2018-12-16 23:37:15,2018-12-16 23:32:21,32,2,3,True,10,0.9130434782608696,0.8424124513618677,0.37148790385252917,0.9169926119596737,0.3505142893753897,283,LSTM,0.2,1,8,2,1536,3,19325378,inception_resnet_v2,avg,"(299, 3, 1536)","(9766, 2)"
236,93,2018-12-16 18:40:29,2018-12-16 18:38:55,32,2,5,True,5,0.8394648829431438,0.8603317632602908,0.34099269924125003,0.9169926119078662,0.30216787511993626,224,MLP,0.5,4,8,8,1536,3,3724802,inception_resnet_v2,avg,"(299, 3, 1536)","(9766, 2)"
143,38,2018-12-16 15:22:58,2018-12-16 15:22:19,32,2,5,True,5,0.9141914191419142,0.881576274592969,0.2991477225052252,0.9168471200169811,0.2885595586404185,54,MLP,0.5,2,4,4,1536,1,1624322,inception_resnet_v2,avg,"(303, 1, 1536)","(9846, 2)"
123,39,2018-12-16 15:06:49,2018-12-16 15:06:10,32,2,8,True,5,0.8481848184818481,0.8965061954698402,0.26864412463876064,0.916847119991167,0.24989520725154835,27,MLP,0.2,1,8,2,1536,1,1477826,inception_resnet_v2,avg,"(303, 1, 1536)","(9846, 2)"
141,30,2018-12-16 15:13:18,2018-12-16 15:12:48,32,2,6,True,5,0.9372937293729373,0.8780215315501089,0.29687965639645364,0.916847119965353,0.2796808913279117,39,MLP,0.2,2,0,8,1536,1,1181954,inception_resnet_v2,avg,"(303, 1, 1536)","(9846, 2)"
111,78,2018-12-16 17:15:29,2018-12-16 17:14:11,32,2,4,True,5,0.919732441471572,0.868421052631579,0.3193152427510077,0.9165580185896829,0.25848494766070396,171,MLP,0.2,2,2,2,1536,3,4722434,inception_resnet_v2,avg,"(299, 3, 1536)","(9766, 2)"
110,45,2018-12-16 16:15:35,2018-12-16 16:14:49,32,2,4,True,5,0.9207920792079208,0.8780215316106458,0.3013132543019495,0.9164140320743199,0.2793232711324861,121,MLP,0.2,8,8,0,1536,1,1328450,inception_resnet_v2,avg,"(303, 1, 1536)","(9846, 2)"
164,55,2018-12-16 16:02:56,2018-12-16 16:02:01,32,2,6,True,5,0.9207920792079208,0.8863497867759543,0.28749230333321857,0.9164140320485058,0.2897485871886009,108,MLP,0.5,8,2,2,1536,1,2363138,inception_resnet_v2,avg,"(303, 1, 1536)","(9846, 2)"
107,93,2018-12-16 18:06:24,2018-12-16 18:04:50,32,2,6,True,5,0.8662207357859532,0.8951464263772271,0.2740299479531236,0.9161234246498084,0.2794906573417859,204,MLP,0.5,4,2,2,1536,3,4722434,inception_resnet_v2,avg,"(299, 3, 1536)","(9766, 2)"
294,412,2018-12-16 22:27:48,2018-12-16 22:20:55,32,2,11,True,10,0.782608695652174,0.8554167519845167,0.34609057651590475,0.9161234245980009,0.36325779396624525,274,LSTM,0.5,1,4,0,1536,3,19471490,inception_resnet_v2,avg,"(299, 3, 1536)","(9766, 2)"
79,281,2018-12-17 00:51:30,2018-12-17 00:46:48,32,2,15,True,10,0.822742474916388,0.8712881425353266,0.31610732320974577,0.9161234243648667,0.2883293903726228,294,LSTM,0.5,2,0,4,1536,3,7082498,inception_resnet_v2,avg,"(299, 3, 1536)","(9766, 2)"
57,44,2018-12-16 16:06:23,2018-12-16 16:05:39,32,2,3,True,5,0.8283828382838284,0.856286816969408,0.34497823385041637,0.9159809441574728,0.319799281989098,112,MLP,0.5,8,2,8,1536,1,1919042,inception_resnet_v2,avg,"(303, 1, 1536)","(9846, 2)"
173,89,2018-12-16 19:01:16,2018-12-16 18:59:47,32,2,3,True,5,0.8695652173913043,0.8710833503993447,0.3163413272443156,0.9156888312798176,0.33810633905345283,237,MLP,0.2,8,2,4,1536,3,4426370,inception_resnet_v2,avg,"(299, 3, 1536)","(9766, 2)"
102,78,2018-12-16 17:02:44,2018-12-16 17:01:26,32,2,6,True,5,0.8996655518394648,0.8693426172434978,0.32298994605692105,0.91568883122801,0.2692516844384518,160,MLP,0.5,1,8,8,1536,3,3724802,inception_resnet_v2,avg,"(299, 3, 1536)","(9766, 2)"
25,70,2018-12-16 16:41:34,2018-12-16 16:40:24,32,2,5,True,5,0.9331103678929766,0.8753839852427596,0.32182575766239013,0.915688830709934,0.2913594518289106,144,MLP,0.5,1,2,8,1536,3,4278338,inception_resnet_v2,avg,"(299, 3, 1536)","(9766, 2)"
99,36,2018-12-16 15:35:52,2018-12-16 15:35:15,32,2,4,True,5,0.8448844884488449,0.8695917123947206,0.31738004017573607,0.9155478562148116,0.27485161882269793,73,MLP,0.2,4,2,0,1536,1,1772546,inception_resnet_v2,avg,"(303, 1, 1536)","(9846, 2)"
229,52,2018-12-16 16:08:18,2018-12-16 16:07:25,32,2,7,True,5,0.8514851485148515,0.8868576071743265,0.284920131696474,0.9155478562148116,0.2675524671622921,114,MLP,0.5,8,4,0,1536,1,1476482,inception_resnet_v2,avg,"(303, 1, 1536)","(9846, 2)"
14,51,2018-12-16 15:53:32,2018-12-16 15:52:41,32,2,7,True,5,0.8679867986798679,0.88167783871623,0.2964340667091817,0.9151147682979645,0.27511089480687345,96,MLP,0.5,4,8,8,1536,1,1365506,inception_resnet_v2,avg,"(303, 1, 1536)","(9846, 2)"
181,31,2018-12-16 15:09:21,2018-12-16 15:08:50,32,2,4,True,5,0.8877887788778878,0.8621775340481839,0.34283225936616507,0.9146816803811174,0.27573257961240666,32,MLP,0.5,1,8,8,1536,1,1365506,inception_resnet_v2,avg,"(303, 1, 1536)","(9846, 2)"
279,42,2018-12-16 15:49:11,2018-12-16 15:48:28,32,2,5,True,5,0.933993399339934,0.8754824294734965,0.3052366477867319,0.9146816803811174,0.27371631997031226,90,MLP,0.5,4,8,0,1536,1,1328450,inception_resnet_v2,avg,"(303, 1, 1536)","(9846, 2)"
260,30,2018-12-16 15:15:44,2018-12-16 15:15:14,32,2,2,True,5,0.8745874587458746,0.8526305098638238,0.3512821659648561,0.9146816803811174,0.3666508862754389,43,MLP,0.2,2,2,2,1536,1,2363138,inception_resnet_v2,avg,"(303, 1, 1536)","(9846, 2)"
211,81,2018-12-16 17:44:53,2018-12-16 17:43:32,32,2,5,True,5,0.9331103678929766,0.8702641818554168,0.3221882331659382,0.9143850502632122,0.3021698178402085,190,MLP,0.5,2,8,4,1536,3,3762242,inception_resnet_v2,avg,"(299, 3, 1536)","(9766, 2)"
21,99,2018-12-16 19:18:31,2018-12-16 19:16:51,32,2,5,True,5,0.8729096989966555,0.8799918083023541,0.3040182553986997,0.9143850497451361,0.31777575044127354,247,MLP,0.2,8,4,8,1536,3,3909314,inception_resnet_v2,avg,"(299, 3, 1536)","(9766, 2)"
55,99,2018-12-16 18:43:23,2018-12-16 18:41:44,32,2,8,True,5,0.8929765886287625,0.8385214007782101,0.36803394450458765,0.9139504566082794,0.3086455570374401,226,MLP,0.5,8,0,0,1536,3,3541250,inception_resnet_v2,avg,"(299, 3, 1536)","(9766, 2)"
285,424,2018-12-17 00:05:05,2018-12-16 23:58:01,32,2,10,True,10,0.8160535117056856,0.8428220356460382,0.3740013560664329,0.9139504561420111,0.3887786203521793,286,LSTM,0.5,1,8,4,1536,3,19250498,inception_resnet_v2,avg,"(299, 3, 1536)","(9766, 2)"
284,52,2018-12-16 15:31:20,2018-12-16 15:30:28,32,2,13,True,5,0.8844884488448845,0.8484663822751158,0.34742831767949295,0.9138155045474231,0.28627926374524637,66,MLP,0.5,4,0,0,1536,1,1181954,inception_resnet_v2,avg,"(303, 1, 1536)","(9846, 2)"
118,71,2018-12-16 18:38:48,2018-12-16 18:37:36,32,2,2,True,5,0.939799331103679,0.8476346508416147,0.36617792222725914,0.9135158630051544,0.2862294305412213,223,MLP,0.2,4,8,8,1536,3,3724802,inception_resnet_v2,avg,"(299, 3, 1536)","(9766, 2)"
29,37,2018-12-16 15:56:55,2018-12-16 15:56:18,32,2,4,True,5,0.8118811881188119,0.8561852529066839,0.33934949817585797,0.913382416630576,0.30787744542487827,101,MLP,0.2,8,0,4,1536,1,1181954,inception_resnet_v2,avg,"(303, 1, 1536)","(9846, 2)"
245,77,2018-12-16 19:10:41,2018-12-16 19:09:23,32,2,2,True,5,0.8729096989966555,0.8499897603809944,0.35569367398620994,0.9130812688839534,0.27956232020565863,243,MLP,0.2,8,4,2,1536,3,4132226,inception_resnet_v2,avg,"(299, 3, 1536)","(9766, 2)"
50,86,2018-12-16 19:02:51,2018-12-16 19:01:24,32,2,3,True,5,0.8729096989966555,0.85920540651239,0.3357612305785602,0.9130812688321458,0.2884664914106504,238,MLP,0.5,8,2,4,1536,3,4426370,inception_resnet_v2,avg,"(299, 3, 1536)","(9766, 2)"
86,39,2018-12-16 15:38:33,2018-12-16 15:37:53,32,2,3,True,5,0.9042904290429042,0.8594353037008348,0.33941714566412096,0.912949328765357,0.347844869530836,76,MLP,0.5,4,2,2,1536,1,2363138,inception_resnet_v2,avg,"(303, 1, 1536)","(9846, 2)"
188,646,2018-12-17 00:25:32,2018-12-17 00:14:46,32,2,22,True,10,0.842809364548495,0.8631988531640385,0.34079818837703213,0.9126466751772132,0.33219413304525786,288,LSTM,0.5,1,8,8,1536,3,19213058,inception_resnet_v2,avg,"(299, 3, 1536)","(9766, 2)"
36,73,2018-12-16 18:55:47,2018-12-16 18:54:33,32,2,1,True,5,0.903010033444816,0.8270530411510127,0.38787201228821444,0.9122120815740882,0.2880812859027503,234,MLP,0.5,8,2,0,1536,3,4131842,inception_resnet_v2,avg,"(299, 3, 1536)","(9766, 2)"
106,29,2018-12-16 15:31:51,2018-12-16 15:31:22,32,2,3,True,5,0.8547854785478548,0.8428803574692639,0.35981101228373336,0.9120831529058487,0.298712868248296,67,MLP,0.2,4,0,2,1536,1,1181954,inception_resnet_v2,avg,"(303, 1, 1536)","(9846, 2)"
45,36,2018-12-16 15:54:11,2018-12-16 15:53:35,32,2,4,True,5,0.8712871287128713,0.8546617915783862,0.336842327208241,0.9120831529058487,0.2928390942801124,97,MLP,0.2,8,0,0,1536,1,1181954,inception_resnet_v2,avg,"(303, 1, 1536)","(9846, 2)"
121,387,2018-12-16 22:43:40,2018-12-16 22:37:12,32,2,9,True,10,0.8294314381270903,0.8402621339340569,0.383810317469942,0.9117774883336163,0.32664521467887747,276,LSTM,0.5,1,4,2,1536,3,19767938,inception_resnet_v2,avg,"(299, 3, 1536)","(9766, 2)"
96,313,2018-12-16 20:26:21,2018-12-16 20:21:08,32,2,7,True,10,0.8093645484949833,0.844665164845463,0.3577197592826791,0.9117774878673479,0.30335466098080816,258,LSTM,0.5,1,0,0,1536,3,18883586,inception_resnet_v2,avg,"(299, 3, 1536)","(9766, 2)"
97,44,2018-12-16 16:01:58,2018-12-16 16:01:14,32,2,3,True,5,0.9042904290429042,0.8700995327930927,0.31881097216395954,0.9116500649890016,0.271785913039307,107,MLP,0.2,8,2,2,1536,1,2363138,inception_resnet_v2,avg,"(303, 1, 1536)","(9846, 2)"
77,62,2018-12-16 15:59:23,2018-12-16 15:58:20,32,2,14,True,5,0.8481848184818481,0.862177533987647,0.3249017274733266,0.9116500649890016,0.2820060532838558,104,MLP,0.5,8,0,8,1536,1,1181954,inception_resnet_v2,avg,"(303, 1, 1536)","(9846, 2)"
238,33,2018-12-16 15:33:08,2018-12-16 15:32:35,32,2,5,True,5,0.8547854785478548,0.8698964046918592,0.31376118884141335,0.9116500649631876,0.28896031469661676,69,MLP,0.2,4,0,4,1536,1,1181954,inception_resnet_v2,avg,"(303, 1, 1536)","(9846, 2)"
44,32,2018-12-16 15:21:21,2018-12-16 15:20:49,32,2,3,True,5,0.8415841584158416,0.8519195612068223,0.35181320211508643,0.9112169770721544,0.33055748324881595,52,MLP,0.5,2,4,2,1536,1,1772930,inception_resnet_v2,avg,"(303, 1, 1536)","(9846, 2)"
137,34,2018-12-16 15:29:16,2018-12-16 15:28:41,32,2,3,True,5,0.933993399339934,0.8649197643592109,0.32470824518461383,0.9112169770721544,0.28357877364505574,63,MLP,0.2,2,8,8,1536,1,1365506,inception_resnet_v2,avg,"(303, 1, 1536)","(9846, 2)"
192,46,2018-12-16 15:45:00,2018-12-16 15:44:13,32,2,5,True,5,0.8250825082508251,0.883404428145761,0.2947311356327724,0.9112169770721544,0.26583443009631363,84,MLP,0.5,4,4,2,1536,1,1772930,inception_resnet_v2,avg,"(303, 1, 1536)","(9846, 2)"
109,40,2018-12-16 15:29:58,2018-12-16 15:29:17,32,2,5,True,5,0.9207920792079208,0.8704042250175871,0.3216901401872439,0.9112169770463404,0.30344890174849204,64,MLP,0.5,2,8,8,1536,1,1365506,inception_resnet_v2,avg,"(303, 1, 1536)","(9846, 2)"
186,91,2018-12-16 19:23:17,2018-12-16 19:21:46,32,2,4,True,5,0.939799331103679,0.868216260495597,0.3223364456920455,0.9109083005056751,0.3043274429636072,250,MLP,0.5,8,8,0,1536,3,3687746,inception_resnet_v2,avg,"(299, 3, 1536)","(9766, 2)"
1,82,2018-12-16 17:08:52,2018-12-16 17:07:30,32,2,8,True,5,0.8662207357859532,0.838828588982183,0.3725781114361898,0.9104737071356842,0.3431779473488976,166,MLP,0.5,2,0,4,1536,3,3541250,inception_resnet_v2,avg,"(299, 3, 1536)","(9766, 2)"
34,63,2018-12-16 17:30:51,2018-12-16 17:29:48,32,2,2,True,5,0.9364548494983278,0.8481466311693631,0.35456000726052833,0.9104737069025499,0.3295399805790753,181,MLP,0.2,2,4,4,1536,3,3983618,inception_resnet_v2,avg,"(299, 3, 1536)","(9766, 2)"
131,90,2018-12-16 18:48:13,2018-12-16 18:46:43,32,2,6,True,5,0.8929765886287625,0.872414499271021,0.310717071113395,0.9104737068507424,0.26552724315647663,229,MLP,0.2,8,0,4,1536,3,3541250,inception_resnet_v2,avg,"(299, 3, 1536)","(9766, 2)"
226,36,2018-12-16 15:20:04,2018-12-16 15:19:28,32,2,6,True,5,0.9240924092409241,0.8825919155592166,0.2953284161920933,0.9103508012384602,0.2580951332736191,50,MLP,0.5,2,4,0,1536,1,1476482,inception_resnet_v2,avg,"(303, 1, 1536)","(9846, 2)"
194,307,2018-12-16 21:33:51,2018-12-16 21:28:44,32,2,5,True,10,0.8394648829431438,0.821318861355724,0.4070777549939934,0.9096045195408771,0.3855721889138999,268,LSTM,0.5,1,2,2,1536,3,20653058,inception_resnet_v2,avg,"(299, 3, 1536)","(9766, 2)"
290,36,2018-12-16 15:55:36,2018-12-16 15:54:59,32,2,4,True,5,0.9207920792079208,0.8549664838392028,0.3346601350324899,0.9094846254047659,0.3032716574633777,99,MLP,0.2,8,0,2,1536,1,1181954,inception_resnet_v2,avg,"(303, 1, 1536)","(9846, 2)"
32,33,2018-12-16 15:03:50,2018-12-16 15:03:16,32,2,6,True,5,0.933993399339934,0.8856388381673823,0.2937269392456438,0.9094846253789519,0.2859108336447327,22,MLP,0.5,1,4,4,1536,1,1624322,inception_resnet_v2,avg,"(303, 1, 1536)","(9846, 2)"
53,35,2018-12-16 15:10:22,2018-12-16 15:09:46,32,2,9,True,5,0.834983498349835,0.8459272801621813,0.3470083102084456,0.9094846253789519,0.3033705162971037,34,MLP,0.5,2,0,0,1536,1,1181954,inception_resnet_v2,avg,"(303, 1, 1536)","(9846, 2)"
18,73,2018-12-16 17:59:57,2018-12-16 17:58:44,32,2,5,True,5,0.8461538461538461,0.8249027237476151,0.38720114636855757,0.9091699261708862,0.33466420907758726,200,MLP,0.5,4,0,8,1536,3,3541250,inception_resnet_v2,avg,"(299, 3, 1536)","(9766, 2)"
31,33,2018-12-16 15:19:01,2018-12-16 15:18:28,32,2,3,True,5,0.8415841584158416,0.8547633556411103,0.348921088191181,0.9090515374879189,0.3152053686590513,48,MLP,0.5,2,2,8,1536,1,1919042,inception_resnet_v2,avg,"(303, 1, 1536)","(9846, 2)"
20,30,2018-12-16 15:24:29,2018-12-16 15:23:58,32,2,3,True,5,0.8679867986798679,0.8629900466831578,0.3287470299654464,0.9090515374621048,0.2993111698438513,57,MLP,0.2,2,8,0,1536,1,1328450,inception_resnet_v2,avg,"(303, 1, 1536)","(9846, 2)"
176,231,2018-12-16 20:43:22,2018-12-16 20:39:30,32,2,2,True,10,0.8896321070234113,0.8499897603809944,0.3412164490400659,0.9087353327490878,0.28481782386091575,261,LSTM,0.2,1,0,4,1536,3,18883586,inception_resnet_v2,avg,"(299, 3, 1536)","(9766, 2)"
251,56,2018-12-16 16:45:34,2018-12-16 16:44:37,32,2,2,True,5,0.8729096989966555,0.8388285889943896,0.3705694890281057,0.9087353327490878,0.33932039495241845,147,MLP,0.2,1,4,2,1536,3,4132226,inception_resnet_v2,avg,"(299, 3, 1536)","(9766, 2)"
4,119,2018-12-16 18:50:20,2018-12-16 18:48:21,32,2,12,True,5,0.8461538461538461,0.8552119598607414,0.35760373936345435,0.9087353322310118,0.3445933336073914,230,MLP,0.5,8,0,4,1536,3,3541250,inception_resnet_v2,avg,"(299, 3, 1536)","(9766, 2)"
63,51,2018-12-16 15:44:10,2018-12-16 15:43:19,32,2,7,True,5,0.9174917491749175,0.8825919155592166,0.2850271404310138,0.9086184495968858,0.28475517589532745,83,MLP,0.2,4,4,2,1536,1,1772930,inception_resnet_v2,avg,"(303, 1, 1536)","(9846, 2)"
151,41,2018-12-16 15:01:40,2018-12-16 15:00:58,32,2,11,True,5,0.8283828382838284,0.9043266300672732,0.2475498268880569,0.9086184495452577,0.28533031007024107,18,MLP,0.5,1,4,0,1536,1,1476482,inception_resnet_v2,avg,"(303, 1, 1536)","(9846, 2)"
227,430,2018-12-16 23:32:09,2018-12-16 23:24:59,32,2,11,True,10,0.8762541806020067,0.8516280974932633,0.3626417357939178,0.9078661451542808,0.3365913291292986,282,LSTM,0.5,1,8,0,1536,3,19176002,inception_resnet_v2,avg,"(299, 3, 1536)","(9766, 2)"
205,23,2018-12-16 15:00:20,2018-12-16 14:59:56,32,2,2,True,5,0.9108910891089109,0.8355677433065252,0.38554304660202016,0.9077522737115634,0.37060129437264866,16,MLP,0.5,1,2,8,1536,1,1919042,inception_resnet_v2,avg,"(303, 1, 1536)","(9846, 2)"
80,39,2018-12-16 15:46:32,2018-12-16 15:45:52,32,2,3,True,5,0.6996699669966997,0.8633963030430206,0.33027202133093087,0.9077522737115634,0.2783596653308947,86,MLP,0.5,4,4,4,1536,1,1624322,inception_resnet_v2,avg,"(303, 1, 1536)","(9846, 2)"
41,102,2018-12-16 18:15:59,2018-12-16 18:14:16,32,2,9,True,5,0.8896321070234113,0.9129633421954526,0.23201716911736606,0.9074315517842899,0.2460604066475222,209,MLP,0.2,4,4,0,1536,3,3835778,inception_resnet_v2,avg,"(299, 3, 1536)","(9766, 2)"
283,102,2018-12-16 18:03:15,2018-12-16 18:01:33,32,2,9,True,5,0.9364548494983278,0.9065123899242269,0.24788943836291916,0.9074315516029633,0.2823465980819286,202,MLP,0.5,4,2,0,1536,3,4131842,inception_resnet_v2,avg,"(299, 3, 1536)","(9766, 2)"
2,90,2018-12-16 19:16:43,2018-12-16 19:15:12,32,2,4,True,5,0.9230769230769231,0.8693426172434978,0.3253778275483832,0.9074315514993481,0.2793541158655127,246,MLP,0.5,8,4,4,1536,3,3983618,inception_resnet_v2,avg,"(299, 3, 1536)","(9766, 2)"
98,67,2018-12-16 16:57:33,2018-12-16 16:56:26,32,2,4,True,5,0.8561872909698997,0.8517304935612543,0.363021891978391,0.9074315513180216,0.30494833132434235,156,MLP,0.5,1,8,2,1536,3,3837122,inception_resnet_v2,avg,"(299, 3, 1536)","(9766, 2)"
204,18,2018-12-16 14:54:39,2018-12-16 14:54:21,32,2,3,True,5,0.8514851485148515,0.840544383530207,0.3656528743028205,0.9073191857947164,0.3072874419691244,5,MLP,0.2,1,0,4,1536,1,1181954,inception_resnet_v2,avg,"(303, 1, 1536)","(9846, 2)"
136,68,2018-12-16 18:28:32,2018-12-16 18:27:23,32,2,2,True,5,0.8729096989966555,0.8446651648576695,0.3611278221317852,0.9069969576630889,0.323266417720638,217,MLP,0.2,4,8,0,1536,3,3687746,inception_resnet_v2,avg,"(299, 3, 1536)","(9766, 2)"
178,87,2018-12-16 17:47:47,2018-12-16 17:46:20,32,2,6,True,5,0.9130434782608696,0.8755887773787416,0.3150025453939561,0.9065623642412904,0.3335624141493138,192,MLP,0.5,2,8,8,1536,3,3724802,inception_resnet_v2,avg,"(299, 3, 1536)","(9766, 2)"
234,25,2018-12-16 14:55:05,2018-12-16 14:54:39,32,2,7,True,5,0.8547854785478548,0.8392240504363241,0.3686324253378664,0.9064530099868361,0.31780559747391524,6,MLP,0.5,1,0,4,1536,1,1181954,inception_resnet_v2,avg,"(303, 1, 1536)","(9846, 2)"
62,98,2018-12-16 19:30:52,2018-12-16 19:29:14,32,2,4,True,5,0.8327759197324415,0.8385214007782101,0.3799477216865644,0.9061277708712996,0.30894077063798386,254,MLP,0.5,8,8,4,1536,3,3762242,inception_resnet_v2,avg,"(299, 3, 1536)","(9766, 2)"
183,67,2018-12-16 17:11:16,2018-12-16 17:10:08,32,2,5,True,5,0.8361204013377926,0.8238787630554987,0.3897140594582662,0.9061277703532236,0.3611121881609116,168,MLP,0.5,2,0,8,1536,3,3541250,inception_resnet_v2,avg,"(299, 3, 1536)","(9766, 2)"
54,79,2018-12-16 16:31:19,2018-12-16 16:29:59,32,2,10,True,5,0.8528428093645485,0.8403645300020479,0.36055893372700837,0.9056931769832327,0.3569134831532143,136,MLP,0.5,1,0,8,1536,3,3541250,inception_resnet_v2,avg,"(299, 3, 1536)","(9766, 2)"
5,38,2018-12-16 16:08:59,2018-12-16 16:08:21,32,2,1,True,5,0.6501650165016502,0.8242941296563119,0.39106275524740514,0.9055868341531419,0.30824060480591536,115,MLP,0.2,8,4,2,1536,1,1772930,inception_resnet_v2,avg,"(303, 1, 1536)","(9846, 2)"
218,36,2018-12-16 15:00:57,2018-12-16 15:00:20,32,2,9,True,5,0.9405940594059405,0.905951655555154,0.24763899379911739,0.9055868341531419,0.2911140169349776,17,MLP,0.2,1,4,0,1536,1,1476482,inception_resnet_v2,avg,"(303, 1, 1536)","(9846, 2)"
108,42,2018-12-16 15:48:26,2018-12-16 15:47:44,32,2,5,True,5,0.8613861386138614,0.8856388381673823,0.2845530210169936,0.9055868341273279,0.27779967441748316,89,MLP,0.2,4,8,0,1536,1,1328450,inception_resnet_v2,avg,"(303, 1, 1536)","(9846, 2)"
153,32,2018-12-16 15:42:39,2018-12-16 15:42:07,32,2,2,True,5,0.7986798679867987,0.8510054845212316,0.34312974328181617,0.9034213945430922,0.3121896959024882,81,MLP,0.2,4,4,0,1536,1,1476482,inception_resnet_v2,avg,"(303, 1, 1536)","(9846, 2)"
224,77,2018-12-16 18:37:29,2018-12-16 18:36:12,32,2,3,True,5,0.8595317725752508,0.8310464878148679,0.39254998102457633,0.9026510210619549,0.32869212833864175,222,MLP,0.5,4,8,4,1536,3,3762242,inception_resnet_v2,avg,"(299, 3, 1536)","(9766, 2)"
257,22,2018-12-16 15:09:45,2018-12-16 15:09:22,32,2,3,True,5,0.8877887788778878,0.8479585619130658,0.35021705862203556,0.902555218709398,0.31677914314349526,33,MLP,0.2,2,0,0,1536,1,1181954,inception_resnet_v2,avg,"(303, 1, 1536)","(9846, 2)"
7,47,2018-12-16 15:45:50,2018-12-16 15:45:02,32,2,6,True,5,0.933993399339934,0.8817794028031688,0.2947191595365283,0.9021221308183649,0.3122712345854345,85,MLP,0.2,4,4,4,1536,1,1624322,inception_resnet_v2,avg,"(303, 1, 1536)","(9846, 2)"
17,16,2018-12-16 14:54:06,2018-12-16 14:53:49,32,2,2,True,5,0.8976897689768977,0.836177127755514,0.37508543543086265,0.9021221307925509,0.3132630758674798,3,MLP,0.2,1,0,2,1536,1,1181954,inception_resnet_v2,avg,"(303, 1, 1536)","(9846, 2)"
70,73,2018-12-16 16:29:01,2018-12-16 16:27:47,32,2,9,True,5,0.8494983277591973,0.8223428220234272,0.3961518875172752,0.9017818337520896,0.3295275433226183,134,MLP,0.5,1,0,4,1536,3,3541250,inception_resnet_v2,avg,"(299, 3, 1536)","(9766, 2)"
215,17,2018-12-16 14:57:31,2018-12-16 14:57:13,32,2,1,True,5,0.9075907590759076,0.8230753605404012,0.3964625827948446,0.9016890429015179,0.36897990978760553,10,MLP,0.5,1,2,0,1536,1,1772546,inception_resnet_v2,avg,"(303, 1, 1536)","(9846, 2)"
158,262,2018-12-16 21:22:08,2018-12-16 21:17:45,32,2,3,True,10,0.8294314381270903,0.8156870776162195,0.40771882359290157,0.901347240615233,0.32982617796684854,266,LSTM,0.5,1,2,0,1536,3,20062466,inception_resnet_v2,avg,"(299, 3, 1536)","(9766, 2)"
59,53,2018-12-16 16:51:59,2018-12-16 16:51:06,32,2,1,True,5,0.842809364548495,0.7982797460577514,0.44108438317267445,0.9013472401489646,0.4327898055431585,152,MLP,0.5,1,4,8,1536,3,3909314,inception_resnet_v2,avg,"(299, 3, 1536)","(9766, 2)"
27,25,2018-12-16 14:59:19,2018-12-16 14:58:53,32,2,3,True,5,0.8877887788778878,0.8615681494660138,0.3360398183889852,0.9012559549846707,0.3250038838840863,14,MLP,0.5,1,2,4,1536,1,2067074,inception_resnet_v2,avg,"(303, 1, 1536)","(9846, 2)"
60,21,2018-12-16 14:53:48,2018-12-16 14:53:27,32,2,5,True,5,0.8250825082508251,0.8373958967624582,0.37330917232820665,0.9008228670420095,0.35328708895618854,2,MLP,0.5,1,0,0,1536,1,1181954,inception_resnet_v2,avg,"(303, 1, 1536)","(9846, 2)"
272,24,2018-12-16 15:07:45,2018-12-16 15:07:21,32,2,2,True,5,0.8250825082508251,0.8414584603489789,0.3635721851322628,0.9008228670420095,0.30506426333451797,29,MLP,0.2,1,8,4,1536,1,1402946,inception_resnet_v2,avg,"(303, 1, 1536)","(9846, 2)"
222,62,2018-12-16 17:06:25,2018-12-16 17:05:22,32,2,4,True,5,0.8461538461538461,0.812103215236535,0.41100432791354446,0.9004780533571753,0.3704692450283611,164,MLP,0.5,2,0,2,1536,3,3541250,inception_resnet_v2,avg,"(299, 3, 1536)","(9766, 2)"
116,36,2018-12-16 15:40:12,2018-12-16 15:39:35,32,2,2,True,5,0.834983498349835,0.8401381271098073,0.36853175346816963,0.9003897791251624,0.3427637240919214,78,MLP,0.5,4,2,4,1536,1,2067074,inception_resnet_v2,avg,"(303, 1, 1536)","(9846, 2)"
270,39,2018-12-16 15:32:33,2018-12-16 15:31:53,32,2,7,True,5,0.7821782178217822,0.8361771277918362,0.37546124324284263,0.9003897791251624,0.34792943607939947,68,MLP,0.5,4,0,2,1536,1,1181954,inception_resnet_v2,avg,"(303, 1, 1536)","(9846, 2)"
161,74,2018-12-16 18:46:36,2018-12-16 18:45:21,32,2,3,True,5,0.7993311036789298,0.8085193528446437,0.42010655547846004,0.9000434596504351,0.3722523802495531,228,MLP,0.5,8,0,2,1536,3,3541250,inception_resnet_v2,avg,"(299, 3, 1536)","(9766, 2)"
235,29,2018-12-16 15:07:20,2018-12-16 15:06:50,32,2,4,True,5,0.9075907590759076,0.8656307129435682,0.3348019670240283,0.8999566912083153,0.30702133070485527,28,MLP,0.5,1,8,2,1536,1,1477826,inception_resnet_v2,avg,"(303, 1, 1536)","(9846, 2)"
261,59,2018-12-16 17:33:41,2018-12-16 17:32:42,32,2,1,True,5,0.862876254180602,0.8143559287323366,0.4125535421663929,0.899174271926109,0.3146719204400322,183,MLP,0.2,2,4,8,1536,3,3909314,inception_resnet_v2,avg,"(299, 3, 1536)","(9766, 2)"
253,24,2018-12-16 15:04:49,2018-12-16 15:04:24,32,2,2,True,5,0.8910891089108911,0.8419662807231363,0.3710207905610499,0.8982243395409268,0.30886960097363936,24,MLP,0.5,1,4,8,1536,1,1550018,inception_resnet_v2,avg,"(303, 1, 1536)","(9846, 2)"
244,61,2018-12-16 16:58:40,2018-12-16 16:57:38,32,2,3,True,5,0.9364548494983278,0.8682162604833904,0.3261900777250876,0.8978704911426377,0.3378917938053789,157,MLP,0.2,1,8,4,1536,3,3762242,inception_resnet_v2,avg,"(299, 3, 1536)","(9766, 2)"
266,56,2018-12-16 17:43:26,2018-12-16 17:42:30,32,2,0,True,5,0.8260869565217391,0.7500511980339954,0.5247583601432283,0.8978704910908301,0.34823829843551374,189,MLP,0.2,2,8,4,1536,3,3762242,inception_resnet_v2,avg,"(299, 3, 1536)","(9766, 2)"
171,69,2018-12-16 16:24:45,2018-12-16 16:23:35,32,2,8,True,5,0.8060200668896321,0.8174278107720664,0.395302143255365,0.8974358972545708,0.3239240733399074,130,MLP,0.5,1,0,0,1536,3,3541250,inception_resnet_v2,avg,"(299, 3, 1536)","(9766, 2)"
228,36,2018-12-16 15:56:15,2018-12-16 15:55:39,32,2,4,True,5,0.8283828382838284,0.8269347958077558,0.38862132698618346,0.8969250758161995,0.3400957821095955,100,MLP,0.5,8,0,2,1536,1,1181954,inception_resnet_v2,avg,"(303, 1, 1536)","(9846, 2)"
191,32,2018-12-16 15:12:46,2018-12-16 15:12:14,32,2,7,True,5,0.8481848184818481,0.846231972362461,0.35973262446042414,0.8964919878735383,0.35355107049345197,38,MLP,0.5,2,0,4,1536,1,1181954,inception_resnet_v2,avg,"(303, 1, 1536)","(9846, 2)"
210,23,2018-12-16 15:19:26,2018-12-16 15:19:02,32,2,1,True,5,0.8052805280528053,0.8304895388869379,0.38721186547363623,0.8964919878735383,0.34451759743736954,49,MLP,0.2,2,4,0,1536,1,1476482,inception_resnet_v2,avg,"(303, 1, 1536)","(9846, 2)"
242,83,2018-12-16 18:23:50,2018-12-16 18:22:27,32,2,4,True,5,0.9130434782608696,0.8788654515544533,0.30435458273031224,0.8961321168078489,0.3037121664799073,214,MLP,0.5,4,4,4,1536,3,3983618,inception_resnet_v2,avg,"(299, 3, 1536)","(9766, 2)"
174,69,2018-12-16 18:52:45,2018-12-16 18:51:35,32,2,2,True,5,0.8795986622073578,0.792750358386238,0.44280422696953986,0.8961321165229071,0.3554377987663521,232,MLP,0.5,8,0,8,1536,3,3541250,inception_resnet_v2,avg,"(299, 3, 1536)","(9766, 2)"
277,24,2018-12-16 14:56:31,2018-12-16 14:56:07,32,2,6,True,5,0.801980198019802,0.8374974609220412,0.3709543601674276,0.8960588999825052,0.32814197520406385,8,MLP,0.5,1,0,8,1536,1,1181954,inception_resnet_v2,avg,"(303, 1, 1536)","(9846, 2)"
193,65,2018-12-16 17:50:50,2018-12-16 17:49:44,32,2,3,True,5,0.7759197324414716,0.7941839033442151,0.4410717422274227,0.8956975231011087,0.458336930620002,194,MLP,0.5,4,0,0,1536,3,3541250,inception_resnet_v2,avg,"(299, 3, 1536)","(9766, 2)"
208,24,2018-12-16 15:13:44,2018-12-16 15:13:20,32,2,3,True,5,0.8052805280528053,0.8194190533863875,0.407354580951662,0.895192724122997,0.3372677559264556,40,MLP,0.5,2,0,8,1536,1,1181954,inception_resnet_v2,avg,"(303, 1, 1536)","(9846, 2)"
43,99,2018-12-16 19:21:37,2018-12-16 19:19:58,32,2,6,True,5,0.8795986622073578,0.8953512185132091,0.26798637318053914,0.8948283357912434,0.29324876179336623,249,MLP,0.2,8,8,0,1536,3,3687746,inception_resnet_v2,avg,"(299, 3, 1536)","(9766, 2)"
167,56,2018-12-16 17:56:14,2018-12-16 17:55:18,32,2,1,True,5,0.8662207357859532,0.787016178566536,0.4508424426184652,0.8943937421881184,0.3945437286895858,198,MLP,0.5,4,0,4,1536,3,3541250,inception_resnet_v2,avg,"(299, 3, 1536)","(9766, 2)"
280,26,2018-12-16 15:17:17,2018-12-16 15:16:50,32,2,1,True,5,0.8316831683168316,0.8129189518828376,0.41576449780984304,0.8938934603982697,0.3225478820596334,46,MLP,0.5,2,2,4,1536,1,2067074,inception_resnet_v2,avg,"(303, 1, 1536)","(9846, 2)"
232,21,2018-12-16 15:02:32,2018-12-16 15:02:11,32,2,1,True,5,0.8679867986798679,0.8111923624048769,0.4275329345649949,0.8938934603982697,0.35701415109242024,20,MLP,0.5,1,4,2,1536,1,1772930,inception_resnet_v2,avg,"(303, 1, 1536)","(9846, 2)"
84,28,2018-12-16 15:23:57,2018-12-16 15:23:29,32,2,1,True,5,0.8316831683168316,0.8201300020191744,0.4130895134336261,0.8938934603724557,0.3487907501075525,56,MLP,0.5,2,4,8,1536,1,1550018,inception_resnet_v2,avg,"(303, 1, 1536)","(9846, 2)"
177,39,2018-12-16 15:34:31,2018-12-16 15:33:52,32,2,7,True,5,0.8943894389438944,0.8751777372126799,0.3031187291470287,0.8934603724814225,0.3244791189898346,71,MLP,0.2,4,0,8,1536,1,1181954,inception_resnet_v2,avg,"(303, 1, 1536)","(9846, 2)"
66,26,2018-12-16 15:16:12,2018-12-16 15:15:46,32,2,1,True,5,0.8613861386138614,0.8191143612224301,0.4072167442178135,0.8934603724556085,0.33487675240567466,44,MLP,0.5,2,2,2,1536,1,2363138,inception_resnet_v2,avg,"(303, 1, 1536)","(9846, 2)"
152,23,2018-12-16 15:12:13,2018-12-16 15:11:50,32,2,3,True,5,0.8811881188118812,0.8495835871951212,0.3469113409640269,0.8930272845645755,0.3478177094314975,37,MLP,0.2,2,0,4,1536,1,1181954,inception_resnet_v2,avg,"(303, 1, 1536)","(9846, 2)"
258,30,2018-12-16 15:26:26,2018-12-16 15:25:55,32,2,2,True,5,0.858085808580858,0.8367865122529323,0.3751768128321758,0.8930272845387613,0.31908781816815857,60,MLP,0.5,2,8,2,1536,1,1477826,inception_resnet_v2,avg,"(303, 1, 1536)","(9846, 2)"
220,66,2018-12-16 17:42:24,2018-12-16 17:41:18,32,2,2,True,5,0.9331103678929766,0.8036043416054893,0.4375966592521519,0.8926553672316384,0.36145315458208827,188,MLP,0.5,2,8,2,1536,3,3837122,inception_resnet_v2,avg,"(299, 3, 1536)","(9766, 2)"
170,26,2018-12-16 15:23:27,2018-12-16 15:23:00,32,2,1,True,5,0.8184818481848185,0.809770465187733,0.4200979388876463,0.8925941966219142,0.3425202776971138,55,MLP,0.2,2,4,8,1536,1,1550018,inception_resnet_v2,avg,"(303, 1, 1536)","(9846, 2)"
51,39,2018-12-16 15:35:13,2018-12-16 15:34:33,32,2,7,True,5,0.8745874587458746,0.8457241519883036,0.3536231234478994,0.8921611087050672,0.3655344842831879,72,MLP,0.5,4,0,8,1536,1,1181954,inception_resnet_v2,avg,"(303, 1, 1536)","(9846, 2)"
225,48,2018-12-16 17:04:26,2018-12-16 17:03:38,32,2,1,True,5,0.8193979933110368,0.7802580380791307,0.46141846319910396,0.8917861802585225,0.42400772076283055,162,MLP,0.5,2,0,0,1536,3,3541250,inception_resnet_v2,avg,"(299, 3, 1536)","(9766, 2)"
8,42,2018-12-16 15:54:56,2018-12-16 15:54:14,32,2,6,True,5,0.8052805280528053,0.8365833841032694,0.3757764613594487,0.891294932923001,0.38190408460812014,98,MLP,0.5,8,0,0,1536,1,1181954,inception_resnet_v2,avg,"(303, 1, 1536)","(9846, 2)"
259,38,2018-12-16 15:11:49,2018-12-16 15:11:10,32,2,10,True,5,0.834983498349835,0.85293520217307,0.34654007807582854,0.8908618449545258,0.334204199111219,36,MLP,0.5,2,0,2,1536,1,1181954,inception_resnet_v2,avg,"(303, 1, 1536)","(9846, 2)"
49,33,2018-12-16 15:49:47,2018-12-16 15:49:13,32,2,1,True,5,0.8118811881188119,0.8102782855618903,0.4188118187751127,0.8904287570893068,0.3734228866809681,91,MLP,0.2,4,8,2,1536,1,1477826,inception_resnet_v2,avg,"(303, 1, 1536)","(9846, 2)"
26,18,2018-12-16 14:57:50,2018-12-16 14:57:32,32,2,0,True,5,0.900990099009901,0.7599024984281092,0.4963360294599783,0.8891294932871373,0.38413202634178856,11,MLP,0.2,1,2,2,1536,1,2363138,inception_resnet_v2,avg,"(303, 1, 1536)","(9846, 2)"
239,14,2018-12-16 14:54:20,2018-12-16 14:54:06,32,2,1,True,5,0.8052805280528053,0.785801340597518,0.44829320293748476,0.888263317453443,0.382697991203983,4,MLP,0.5,1,0,2,1536,1,1181954,inception_resnet_v2,avg,"(303, 1, 1536)","(9846, 2)"
119,33,2018-12-16 15:47:41,2018-12-16 15:47:07,32,2,1,True,5,0.9075907590759076,0.8101767215597031,0.429526966058358,0.8865309658118686,0.3519801872408509,88,MLP,0.5,4,4,8,1536,1,1550018,inception_resnet_v2,avg,"(303, 1, 1536)","(9846, 2)"
75,39,2018-12-16 15:33:50,2018-12-16 15:33:10,32,2,7,True,5,0.7986798679867987,0.843286613841234,0.3558594168455359,0.8865309657860546,0.3333080886968445,70,MLP,0.5,4,0,4,1536,1,1181954,inception_resnet_v2,avg,"(303, 1, 1536)","(9846, 2)"
203,35,2018-12-16 16:04:37,2018-12-16 16:04:02,32,2,0,True,5,0.8382838283828383,0.7368474507898474,0.553773741563016,0.8860978778692075,0.39636095470295885,110,MLP,0.5,8,2,4,1536,1,2067074,inception_resnet_v2,avg,"(303, 1, 1536)","(9846, 2)"
76,60,2018-12-16 18:18:39,2018-12-16 18:17:39,32,2,0,True,5,0.8561872909698997,0.754147040753635,0.5157983613482953,0.885701868519582,0.38175551407443914,211,MLP,0.2,4,4,2,1536,3,4132226,inception_resnet_v2,avg,"(299, 3, 1536)","(9766, 2)"
112,34,2018-12-16 15:52:38,2018-12-16 15:52:04,32,2,1,True,5,0.8448844884488449,0.8237863091489732,0.3913165485558654,0.8847986141444801,0.32658622492283856,95,MLP,0.2,4,8,8,1536,1,1365506,inception_resnet_v2,avg,"(303, 1, 1536)","(9846, 2)"
140,46,2018-12-16 16:26:33,2018-12-16 16:25:47,32,2,2,True,5,0.8862876254180602,0.8069834118369854,0.4265689306478385,0.8835289002967264,0.41261258091889275,132,MLP,0.5,1,0,2,1536,3,3541250,inception_resnet_v2,avg,"(299, 3, 1536)","(9766, 2)"
162,19,2018-12-16 15:08:48,2018-12-16 15:08:29,32,2,0,True,5,0.8943894389438944,0.7388787324680877,0.5270533948537418,0.8834993503681248,0.45836271108771465,31,MLP,0.2,1,8,8,1536,1,1365506,inception_resnet_v2,avg,"(303, 1, 1536)","(9846, 2)"
201,29,2018-12-16 15:47:05,2018-12-16 15:46:35,32,2,0,True,5,0.8943894389438944,0.7442616290516324,0.5138614897427219,0.8826331745602446,0.36418584744204374,87,MLP,0.2,4,4,8,1536,1,1550018,inception_resnet_v2,avg,"(303, 1, 1536)","(9846, 2)"
179,60,2018-12-16 17:53:58,2018-12-16 17:52:57,32,2,2,True,5,0.8494983277591973,0.8044235101250041,0.4256872062541021,0.8822251192801209,0.38593112101299976,196,MLP,0.5,4,0,2,1536,3,3541250,inception_resnet_v2,avg,"(299, 3, 1536)","(9766, 2)"
35,35,2018-12-16 15:43:17,2018-12-16 15:42:42,32,2,3,True,5,0.8943894389438944,0.8622790980866932,0.3334362487615717,0.8809008228928561,0.30924085310497756,82,MLP,0.5,4,4,0,1536,1,1476482,inception_resnet_v2,avg,"(303, 1, 1536)","(9846, 2)"
150,26,2018-12-16 15:30:26,2018-12-16 15:30:00,32,2,2,True,5,0.8184818481848185,0.8383099736175521,0.3672604225961847,0.8804677349760089,0.34573790376813135,65,MLP,0.2,4,0,0,1536,1,1181954,inception_resnet_v2,avg,"(303, 1, 1536)","(9846, 2)"
206,38,2018-12-16 15:51:01,2018-12-16 15:50:23,32,2,3,True,5,0.8613861386138614,0.8561852529551134,0.3337682349796148,0.8791684712254676,0.3756872814756908,93,MLP,0.2,4,8,4,1536,1,1402946,inception_resnet_v2,avg,"(303, 1, 1536)","(9846, 2)"
40,26,2018-12-16 15:57:25,2018-12-16 15:56:58,32,2,0,True,5,0.7887788778877888,0.7379646557582822,0.5483910374202647,0.8791684712254676,0.3880647530334757,102,MLP,0.5,8,0,4,1536,1,1181954,inception_resnet_v2,avg,"(303, 1, 1536)","(9846, 2)"
95,54,2018-12-16 17:26:50,2018-12-16 17:25:56,32,2,1,True,5,0.9364548494983278,0.8107720663404455,0.421725562061659,0.8752716213192747,0.4071123816043799,178,MLP,0.5,2,4,0,1536,3,3835778,inception_resnet_v2,avg,"(299, 3, 1536)","(9766, 2)"
156,38,2018-12-16 16:19:23,2018-12-16 16:18:44,32,2,1,True,5,0.9108910891089109,0.8264269754820279,0.3928852130363996,0.8744045041401493,0.3746275607385177,125,MLP,0.2,8,8,4,1536,1,1402946,inception_resnet_v2,avg,"(303, 1, 1536)","(9846, 2)"
256,22,2018-12-16 14:58:53,2018-12-16 14:58:30,32,2,2,True,5,0.9141914191419142,0.8502945359126596,0.3513856334170989,0.8744045041143352,0.4433800291194189,13,MLP,0.2,1,2,4,1536,1,2067074,inception_resnet_v2,avg,"(303, 1, 1536)","(9846, 2)"
250,46,2018-12-16 16:51:01,2018-12-16 16:50:14,32,2,0,True,5,0.903010033444816,0.7382756502272383,0.5435004182497107,0.8739678398882084,0.4009270877980088,151,MLP,0.2,1,4,8,1536,3,3909314,inception_resnet_v2,avg,"(299, 3, 1536)","(9766, 2)"
139,68,2018-12-16 19:09:15,2018-12-16 19:08:06,32,2,0,True,5,0.9163879598662208,0.7232234282325629,0.602589523703159,0.8665797480392954,0.3997007088006346,242,MLP,0.5,8,4,0,1536,3,3835778,inception_resnet_v2,avg,"(299, 3, 1536)","(9766, 2)"
190,30,2018-12-16 15:50:21,2018-12-16 15:49:50,32,2,0,True,5,0.8811881188118812,0.7144017875763596,0.5644009679574054,0.8618449545257687,0.5153630840773188,92,MLP,0.5,4,8,2,1536,1,1477826,inception_resnet_v2,avg,"(303, 1, 1536)","(9846, 2)"
126,26,2018-12-16 15:36:20,2018-12-16 15:35:54,32,2,0,True,5,0.8382838283828383,0.7394881169776134,0.5312166433980401,0.8592464270763142,0.4078016209106726,74,MLP,0.5,4,2,0,1536,1,1772546,inception_resnet_v2,avg,"(303, 1, 1536)","(9846, 2)"
6,72,2018-12-16 19:29:05,2018-12-16 19:27:53,32,2,0,True,5,0.862876254180602,0.7370468973869333,0.53491878839709,0.8591916558536329,0.45333652314234174,253,MLP,0.2,8,8,4,1536,3,3762242,inception_resnet_v2,avg,"(299, 3, 1536)","(9766, 2)"
73,30,2018-12-16 15:25:53,2018-12-16 15:25:23,32,2,2,True,5,0.8943894389438944,0.8447085110583781,0.36214233587094735,0.858813339133653,0.42100497529123604,59,MLP,0.2,2,8,2,1536,1,1477826,inception_resnet_v2,avg,"(303, 1, 1536)","(9846, 2)"
134,70,2018-12-16 19:19:50,2018-12-16 19:18:39,32,2,0,True,5,0.9264214046822743,0.6851320909277083,0.6884873749845809,0.8500651888669133,0.4957138786415389,248,MLP,0.5,8,4,8,1536,3,3909314,inception_resnet_v2,avg,"(299, 3, 1536)","(9766, 2)"
69,60,2018-12-16 18:51:28,2018-12-16 18:50:27,32,2,0,True,5,0.35785953177257523,0.6076182674585295,6.243379315171797,0.8213820081594352,2.8632891805003076,231,MLP,0.2,8,0,8,1536,3,3541250,inception_resnet_v2,avg,"(299, 3, 1536)","(9766, 2)"
293,45,2018-12-16 17:05:17,2018-12-16 17:04:31,32,2,0,True,5,0.35785953177257523,0.607106287106368,6.2620432792861225,0.8213820081594352,2.863289153145894,163,MLP,0.2,2,0,2,1536,3,3541250,inception_resnet_v2,avg,"(299, 3, 1536)","(9766, 2)"
217,59,2018-12-16 18:41:36,2018-12-16 18:40:37,32,2,0,True,5,0.35785953177257523,0.6080278517335452,6.2533127932965495,0.8213820078744933,2.863289173217287,225,MLP,0.2,8,0,0,1536,3,3541250,inception_resnet_v2,avg,"(299, 3, 1536)","(9766, 2)"
287,47,2018-12-16 16:59:33,2018-12-16 16:58:45,32,2,0,True,5,0.35785953177257523,0.5984026213515471,0.7112859776829101,0.8213820078744933,0.5892802319646866,158,MLP,0.5,1,8,4,1536,3,3762242,inception_resnet_v2,avg,"(299, 3, 1536)","(9766, 2)"
196,43,2018-12-16 17:03:33,2018-12-16 17:02:49,32,2,0,True,5,0.35785953177257523,0.6076182674707361,6.2576809901085735,0.8213820075895516,2.863289169361673,161,MLP,0.2,2,0,0,1536,3,3541250,inception_resnet_v2,avg,"(299, 3, 1536)","(9766, 2)"
